编号,钢厂,日期,时间,铜板,类型,Vx,Vy,Vc,Sticking_Expansion,Height,Width,Area,Edgenum,Gave,Fourier,,
1,南钢,2015/6/2,05:56:46,外弧宽面Tv,稳态,0.197,-1.961,0.75,-241.308,4.935,19.782,74.584,68,0.396,4.027,,-3062.982
2,南钢,2015/6/2,23:59:25,外弧宽面Tv,漏钢,0.479,-1.829,0.9,0.652,21.855,67.891,752.951,341,0.689,5.816,,2.689
3,南钢,2015/6/10,10:33:19,外弧宽面Tv,漏钢,1.1,1.489,0.7,1.846,21.15,36.54,389.002,215,0.534,0.263,,
4,南钢,2015/6/10,10:33:01,外弧宽面Tv,稳态,0.31,0,0.7,1.085,7.99,11.72,66.265,84,0.352,0.381,,
5,南钢,2015/6/10,10:33:06,外弧宽面Tv,稳态,0.197,0.414,0.7,0.96,6.345,25.509,125.725,100,0.451,1.154,,
6,南钢,2015/6/16,16:25:16,外弧宽面Tv,稳态,0.282,0.31,0.75,2.096,9.165,63.647,386.662,181,0.718,0.427,,
7,南钢,2015/6/16,16:25:19,内弧宽面Tv,稳态,0.338,0.929,0.75,1.073,9.87,30.965,249.632,128,0.776,1.452,,
8,南钢,2015/6/16,16:25:26,内弧宽面Tv,稳态,0.169,-2.477,0.75,-0.88,11.045,23.223,216.272,124,0.514,0.476,,
9,南钢,2015/6/16,16:25:44,外弧宽面Tv,漏钢,0.226,0.413,0.75,0.499,17.625,53.326,398.183,242,0.569,1.776,,
10,南钢,2015/6/18,05:52:54,内弧宽面Tv,稳态,0.987,-1.461,0.85,1.883,23.5,92.093,1115.719,464,0.453,0.77,,
11,南钢,2015/6/18,05:53:03,内弧宽面Tv,稳态,0.113,1.918,0.85,-0.017,23.5,133.954,2007.687,550,0.521,0.738,,
12,南钢,2015/6/18,05:53:11,内弧宽面Tv,稳态,0.113,0,0.85,0.538,3.995,13.699,40.063,52,0.392,4.701,,
13,南钢,2015/6/18,05:53:16,内弧宽面Tv,稳态,0.197,2.101,0.85,0.482,9.4,27.398,213.369,125,1.144,1.816,,
14,南钢,2015/6/18,05:53:16,外弧宽面Tv,稳态,0.451,2.101,0.85,-10.847,9.635,28.921,174.379,112,0.431,0.386,,
15,南钢,2015/6/18,05:53:20,外弧宽面Tv,稳态,0.254,-0.274,0,-130.843,5.875,15.221,74.581,74,0.553,1.074,,
16,南钢,2015/6/18,05:55:26,内弧宽面Tv,稳态,0.141,-1.461,0.7,-53.137,5.405,50.233,181.184,143,0.338,0.226,,
17,南钢,2015/6/18,05:55:26,外弧宽面Tv,稳态,0.113,0.365,0.7,1.427,3.525,20.55,52.048,62,0.355,0.651,,
18,南钢,2015/6/18,05:55:30,外弧宽面Tv,误报,0.31,0.639,0.7,0.156,10.81,47.188,340.725,173,0.53,3.502,,
19,南钢,2015/6/18,05:55:35,外弧宽面Tv,稳态,0.451,0.091,0.7,0.701,18.095,74.588,455.91,294,0.36,0.39,,
20,南钢,2015/6/18,05:55:35,内弧宽面Tv,稳态,0.395,-0.913,0.7,0.144,23.5,116.448,1505.094,474,0.389,0.62,,
21,南钢,2015/6/18,05:55:42,外弧宽面Tv,稳态,0.451,-1.096,0.7,-1.533,23.5,40.338,336.969,253,0.392,0.227,,
22,南钢,2015/6/21,10:33:43,外弧宽面Tv,漏钢,0.508,2.411,1.05,1.19,20.21,66.506,721.693,298,0.691,5.284,,
23,南钢,2015/6/21,10:33:46,内弧宽面Tv,稳态,0.959,-1.663,1.05,-2.27,23.5,202.288,2938.38,969,1.082,0.307,,
24,南钢,2015/6/21,10:33:51,内弧宽面Tv,稳态,0.367,0.831,1.05,-1.203,23.5,195.36,3234.839,1000,1.222,0.302,,
25,南钢,2015/6/21,10:33:53,内弧宽面Tv,稳态,0.367,0.166,1.05,-1.785,23.5,198.131,2834.839,683,1.076,0.296,,
26,南钢,2015/7/7,13:36:55,外弧宽面Tv,稳态,0.028,-0.103,0.67,-15.089,20.445,57.627,588.786,266,0.51,0.56,,
27,南钢,2015/7/7,13:36:55,内弧宽面Tv,稳态,0.141,0.516,0.67,-0.052,19.035,55.046,638.508,240,0.442,0.766,,
28,南钢,2015/7/7,13:37:00,外弧宽面Tv,稳态,0.028,-0.206,0.7,-20.695,19.27,52.466,435.778,244,0.435,0.416,,
29,南钢,2015/7/7,13:37:00,内弧宽面Tv,稳态,0.197,-0.826,0.7,0.088,20.68,44.725,727.442,224,0.402,0.423,,
30,南钢,2015/7/7,13:37:05,外弧宽面Tv,稳态,0.395,-1.239,0.7,-0.234,23.5,48.166,352.503,245,0.364,0.122,,
31,南钢,2015/7/7,13:37:40,外弧宽面Tv,漏钢,0.79,1.548,0.8,1.121,23.5,55.046,819.207,329,0.539,1.004,,
32,南钢,2015/7/7,13:43:38,外弧宽面Tv,稳态,0.028,1.961,0.9,-1.085,2.82,18.922,39.414,50,0.334,0.634,,
33,南钢,2015/7/7,13:43:39,内弧宽面Tv,稳态,0.085,0,0.9,-0.646,3.525,20.642,50.733,57,0.351,0.891,,
34,南钢,2015/7/7,13:43:50,外弧宽面Tv,稳态,0.056,-1.961,0.9,-0.28,3.76,23.223,62.456,63,0.354,0.714,,
35,南钢,2015/7/7,13:43:55,内弧宽面Tv,稳态,0.169,1.445,0.9,1.425,5.64,43.865,141.284,113,0.398,0.506,,
36,南钢,2015/7/7,13:44:21,内弧宽面Tv,漏钢,0.254,0.103,0.9,0.559,23.03,70.528,965.14,307,1.139,1.85,,
37,南钢,2015/7/9,13:47:31,外弧宽面Tv,稳态,0.085,0.166,0.85,-2933.636,2.585,7.597,14.121,33,0.31,2.986,,
38,南钢,2015/7/9,13:47:39,外弧宽面Tv,稳态,0.028,-1.575,0.8,-161.812,7.52,20.029,117.348,97,0.595,2.39,,
39,南钢,2015/7/9,13:47:49,内弧宽面Tv,漏钢,0.902,0.414,0.8,1.189,22.325,40.749,632.347,254,2.048,0.315,,
40,南钢,2015/7/13,16:03:31,外弧宽面Tv,漏钢,0.592,0.826,0.75,0.358,19.505,36.124,289.037,191,0.446,0.15,,
41,南钢,2015/7/13,16:03:38,外弧宽面Tv,稳态,0.028,0,0.75,0.167,2.585,12.041,22.234,35,0.334,1.363,,
42,南钢,2015/7/13,16:07:20,内弧宽面Tv,漏钢,0.451,-1.858,0.75,0.975,23.5,67.948,908.343,314,0.75,1.469,,
43,南钢,2015/7/16,07:09:54,内弧宽面Tv,漏钢,0.423,-0.083,0.9,0.419,21.62,60.963,715.67,294,0.742,2.891,,
44,南钢,2015/7/16,07:10:55,内弧宽面Tv,稳态,0.056,0,0.4,0.629,7.285,49.879,227.92,155,0.988,0.448,,
45,南钢,2015/7/16,07:11:02,内弧宽面Tv,稳态,0.254,1.33,0.4,-0.478,14.1,31.867,328.368,163,0.454,0.542,,
46,南钢,2015/7/16,07:11:04,外弧宽面Tv,稳态,0.338,0.249,0.4,0.826,17.155,18.012,262.597,169,0.444,0.158,,
47,南钢,2015/7/16,07:11:26,内弧宽面Tv,漏钢,0.338,0.249,0.44,0.206,22.09,51.958,549.776,262,0.562,1.214,,
48,南钢,2015/7/16,07:11:11,内弧宽面Tv,稳态,0.31,-1.164,0.4,0.943,8.225,32.56,231.502,136,0.447,0.817,,
49,南钢,2015/7/21,16:05:47,外弧宽面Tv,稳态,0.085,0,0.9,-1829.194,2.585,12.902,23.851,37,0.345,1.4,,
50,南钢,2015/7/21,16:05:56,外弧宽面Tv,稳态,0.141,0,0.9,0.176,9.87,14.622,100.253,98,0.367,0.293,,
51,南钢,2015/7/21,16:06:10,外弧宽面Tv,稳态,0.056,-0.516,0.9,-0.076,4.935,17.202,69.733,65,0.39,2.785,,
52,南钢,2015/7/21,16:06:29,外弧宽面Tv,漏钢,0.338,-0.826,0.9,0.253,18.095,48.166,515.011,247,0.564,2.279,,
53,南钢,2015/7/22,12:55:07,外弧宽面Tv,稳态,0.31,0.516,0.9,1.126,11.045,24.08,225.341,129,1.415,0.461,,
54,南钢,2015/7/22,12:55:07,内弧宽面Tv,稳态,0.902,-2.27,0.9,2.567,20.68,258,3613.75,874,0.835,0.168,,
55,南钢,2015/7/22,12:55:12,外弧宽面Tv,稳态,0.226,0.103,0.9,0.398,23.5,156.52,2692.376,649,0.928,0.684,,
56,南钢,2015/7/25,11:56:22,外弧宽面Tv,稳态,0.028,0.203,0.6,-0.741,1.88,14.394,18.704,35,0.326,0.476,,
57,南钢,2015/7/25,11:56:35,外弧宽面Tv,稳态,0.169,0,0.6,0.978,5.405,16.087,65.065,65,0.419,1.623,,
58,南钢,2015/7/25,11:56:41,外弧宽面Tv,稳态,0.141,0.305,0.6,0.615,4.23,11.854,38.004,49,0.366,1.242,,
59,南钢,2015/7/25,11:56:46,外弧宽面Tv,误报,0.169,-0.406,0.6,0.602,7.05,18.627,104.064,84,0.501,0.896,,
60,南钢,2015/7/25,11:57:01,外弧宽面Tv,稳态,0.028,0,0.6,-0.011,4.465,11.007,40.989,51,0.391,0.74,,
61,南钢,2015/7/27,11:52:02,外弧宽面Tv,稳态,0.056,-1.961,0.75,-822.547,1.645,10.322,12.128,27,0.326,4.984,,
62,南钢,2015/7/27,11:52:07,外弧宽面Tv,稳态,0.395,1.548,0.75,-352.653,9.635,24.944,173.227,113,0.402,0.791,,
63,南钢,2015/7/27,11:52:23,外弧宽面Tv,漏钢,0.31,-1.032,0.75,-0.625,17.155,37.846,298.346,185,0.496,0.298,,
64,南钢,2015/7/27,11:52:37,外弧宽面Tv,稳态,0.028,1.239,0.75,-331.971,2.82,14.622,29.915,42,0.332,0.811,,
65,南钢,2015/7/27,11:54:21,内弧宽面Tv,稳态,0.169,0.413,0.52,1.709,3.995,28.384,85.097,77,0.382,0.482,,
66,南钢,2015/7/27,11:54:26,内弧宽面Tv,稳态,0.479,0.619,0.56,0.709,13.63,21.503,188.993,139,0.356,0.271,,
67,南钢,2015/7/27,11:54:36,内弧宽面Tv,稳态,0.536,-0.31,0.65,0.32,23.5,37.846,534.435,263,0.434,0.168,,
68,南钢,2015/7/27,11:54:41,内弧宽面Tv,稳态,0.141,-0.206,0.69,0.105,23.5,30.965,598.915,243,0.442,0.204,,
69,南钢,2015/7/27,11:55:12,外弧宽面Tv,漏钢,0.056,-0.103,0.02,-0.029,23.5,98.055,1668.998,391,1.271,8.089,,
70,南钢,2015/8/3,07:58:54,内弧宽面Tv,漏钢,0.592,-1.829,0.9,0.211,20.445,35.331,350.834,217,0.482,0.278,,
71,南钢,2015/8/7,13:42:24,外弧宽面Tv,稳态,0.31,0.333,1.05,1.687,8.93,24.247,108.099,110,0.36,0.963,,
72,南钢,2015/8/7,13:42:57,内弧宽面Tv,稳态,0.479,0.249,1.05,-8.359,10.34,20.783,196.011,128,0.572,0.644,,
73,南钢,2015/8/7,13:43:08,内弧宽面Tv,稳态,0.367,0.748,1.05,1.331,10.34,37.409,315.344,158,1.487,1.221,,
74,南钢,2015/8/7,13:43:13,内弧宽面Tv,稳态,0.028,1.829,1.05,-0.2,11.045,33.946,273.341,152,0.997,0.932,,
75,南钢,2015/8/7,13:51:00,内弧宽面Tv,稳态,0.028,-0.166,1.05,-0.231,2.115,13.163,19.699,40,0.319,0.535,,
76,南钢,2015/8/7,13:51:05,内弧宽面Tv,稳态,0.056,-0.083,1.05,-0.76,3.29,15.241,33.211,51,0.328,1.044,,
77,南钢,2015/8/7,13:51:10,内弧宽面Tv,稳态,0.085,0.166,1.05,-1.489,5.17,16.626,55.026,68,0.342,3.26,,
78,南钢,2015/8/7,13:51:27,外弧宽面Tv,漏钢,0.874,1.413,1.05,0.555,22.56,41.566,439.56,228,0.481,0.223,,
79,南钢,2015/8/11,14:00:46,外弧宽面Tv,漏钢,0.733,0.826,0.9,0.823,23.5,52.466,675.497,314,0.7,0.769,,
80,南钢,2015/8/22,03:16:52,内弧宽面Tv,稳态,0.338,-0.504,0.7,1.882,7.755,23.782,141.033,106,0.577,8.812,,
81,南钢,2015/8/22,03:17:02,内弧宽面Tv,稳态,0.085,1.427,0.7,-0.346,6.58,19.586,104.383,91,0.474,1.896,,
82,南钢,2015/8/22,03:17:07,内弧宽面Tv,漏钢,1.072,1.427,0.7,1.262,22.795,46.165,472.906,261,0.531,0.359,,
83,南钢,2016/1/13,19:11:05,外弧宽面Tv,稳态,0.028,-0.517,0.6,-1.887,1.645,7.756,9.721,23,0.321,13.652,,
84,南钢,2016/1/13,19:11:10,内弧宽面Tv,误报,0.028,-0.517,0.6,0.309,12.69,12.066,136.303,120,0.348,0.099,,
85,南钢,2016/1/13,19:11:19,外弧宽面Tv,稳态,0.282,-1.138,0.6,-27.207,7.755,23.269,117.058,93,0.402,0.985,,
86,南钢,2016/1/13,19:11:33,外弧宽面Tv,稳态,0.113,1.241,0.6,0.934,4.23,50.848,129.012,127,0.338,0.211,,
87,南钢,2016/1/13,19:11:39,外弧宽面Tv,稳态,0.141,-2.999,0.6,-607.818,4.23,12.928,41.924,50,0.377,1.91,,
88,南钢,2016/1/28,15:23:55,外弧宽面Tv,稳态,0.141,-0.416,0.38,0.365,11.045,17.353,157.738,119,0.463,0.503,,
89,南钢,2016/1/28,15:23:55,内弧宽面Tv,稳态,0.056,0.75,0.38,-0.092,3.525,36.789,93.795,108,0.394,0.231,,
90,南钢,2016/1/28,15:24:05,内弧宽面Tv,稳态,0.874,0.75,0.4,1.054,23.5,45.119,498.336,316,0.453,0.515,,
91,南钢,2016/1/28,15:24:07,外弧宽面Tv,稳态,0.141,-1.249,0.4,-5.779,11.75,8.33,65.412,109,0.432,0.17,,
92,南钢,2016/1/28,15:24:12,内弧宽面Tv,稳态,0.564,-0.916,0.4,0.834,15.98,24.989,351.363,177,0.558,0.342,,
93,南钢,2016/1/28,15:24:18,外弧宽面Tv,稳态,0.056,-0.167,0.4,0.166,7.52,117.309,615.294,382,0.667,0.106,,
94,南钢,2016/1/28,15:24:18,内弧宽面Tv,误报,0.113,-1.499,0.4,1.051,14.805,102.038,652.159,383,0.441,0.342,,
95,南钢,2016/1/28,15:24:28,内弧宽面Tv,稳态,0.367,-0.25,0.4,0.188,21.62,39.566,627.365,231,0.522,0.607,,
96,南钢,2016/1/28,15:24:28,外弧宽面Tv,稳态,0.028,-1.416,0.4,-2.413,19.975,148.545,1742.462,629,0.625,0.449,,
97,南钢,2016/1/28,15:24:38,外弧宽面Tv,稳态,0.31,1.249,0.4,1.151,12.22,25.683,272.739,151,0.435,0.434,,
98,南钢,2016/1/28,15:24:46,内弧宽面Tv,稳态,0.028,-0.25,0.4,-1.154,6.815,23.601,114.511,96,0.364,2.885,,
99,南钢,2016/1/29,11:04:43,内弧宽面Tv,稳态,0.169,-0.273,0.85,0.821,4.465,16.713,52.309,61,0.375,3.167,,
100,南钢,2016/1/29,11:05:10,内弧宽面Tv,稳态,0.113,0.091,0.85,-900.805,3.76,11.396,30.171,46,0.342,3.374,,
101,南钢,2016/1/29,11:05:17,外弧宽面Tv,误报,0.226,0.82,0.85,1.533,5.64,21.272,85.694,78,0.359,1.578,,
102,南钢,2016/1/29,15:05:05,内弧宽面Tv,稳态,0.141,-0.547,0.85,-0.359,16.215,10.636,151.393,148,0.393,0.08,,
103,南钢,2016/1/29,15:05:15,内弧宽面Tv,误报,0.367,0.729,0.85,0.188,23.5,35.706,471.675,256,0.545,0.209,,
104,南钢,2016/1/29,15:05:38,内弧宽面Tv,稳态,0.254,0.365,0.85,0.195,23.5,60.776,824.449,314,0.783,0.437,,
105,南钢,2016/1/29,15:05:42,内弧宽面Tv,稳态,0.028,0.273,0.55,-0.11,23.5,50.14,753.573,286,0.843,0.268,,
106,南钢,2016/2/1,22:30:50,内弧宽面Tv,误报,0.113,-2.323,0.06,-121.939,6.58,30.301,151.514,98,0.582,1.219,,
107,南钢,2016/2/1,22:30:51,内弧宽面Tv,稳态,0.282,-2.121,0.11,-120.063,7.755,31.143,186.129,108,0.605,2.11,,
108,南钢,2016/2/2,03:16:30,外弧宽面Tv,稳态,0.169,0.202,0.6,-825.125,5.405,16.834,55.582,63,0.35,1.461,,
109,南钢,2016/2/2,03:16:50,内弧宽面Tv,稳态,0.028,-0.202,0.6,0.673,3.995,26.093,76.351,72,0.442,0.558,,
110,南钢,2016/2/2,03:16:57,内弧宽面Tv,误报,0.028,0.202,0.6,0.284,4.935,47.135,135.493,125,0.442,0.255,,
111,南钢,2016/2/2,03:17:01,内弧宽面Tv,稳态,0.028,-1.111,0.6,-0.496,4.7,28.618,93.164,81,0.466,0.711,,
112,南钢,2016/2/2,06:32:48,内弧宽面Tv,稳态,1.466,-0.101,0.6,-421.729,23.5,21.043,325.578,230,0.448,0.111,,
113,南钢,2016/2/2,06:33:02,内弧宽面Tv,稳态,0.254,1.919,0.6,-21.815,23.5,41.245,425.681,236,0.778,0.161,,
114,南钢,2016/2/2,06:33:06,外弧宽面Tv,稳态,0.085,-0.303,0.6,0.356,3.055,13.468,28.484,42,0.336,2.357,,
115,南钢,2016/2/2,06:33:12,外弧宽面Tv,稳态,1.551,2.828,0.6,1.61,23.5,49.66,368.5,244,0.449,0.165,,
116,南钢,2016/2/2,06:33:17,外弧宽面Tv,稳态,1.438,0.505,0.6,1.308,23.5,78.278,635.53,466,0.559,0.943,,
117,南钢,2016/2/2,06:33:25,外弧宽面Tv,误报,0.451,-0.404,0.1,0.789,12.925,31.143,156.855,143,0.358,0.363,,
118,南钢,2016/2/8,00:51:00,外弧宽面Tv,漏钢,0.169,1.07,1.25,0.183,18.33,70.211,567.929,388,0.641,0.977,,
119,南钢,2016/2/8,00:51:59,外弧宽面Tv,稳态,0.056,0.869,0.55,0.254,3.995,32.32,88.26,117,0.579,0.269,,
120,南钢,2016/2/8,00:52:01,内弧宽面Tv,稳态,0.226,1.471,0.56,-37.245,5.875,24.518,73.332,102,0.434,0.651,,
121,南钢,2016/2/8,00:52:09,外弧宽面Tv,稳态,0.451,-1.538,0.63,0.43,14.335,68.54,559.811,321,0.783,0.656,,
122,南钢,2016/2/8,00:52:10,内弧宽面Tv,稳态,0.62,0.535,0.64,-4.086,19.27,119.805,1470.567,575,0.785,0.283,,
123,南钢,2016/2/8,00:52:15,外弧宽面Tv,稳态,0.085,0.067,0.68,0.326,4.465,25.076,94.939,105,0.526,0.269,,
124,南钢,2016/2/8,00:52:20,内弧宽面Tv,误报,0.141,0,0.72,0.238,20.21,155.468,2009.294,659,0.98,0.163,,
125,南钢,2016/2/8,00:52:26,外弧宽面Tv,稳态,0.79,0.334,0.77,-43.737,15.04,18.389,219.996,144,0.39,0.13,,
126,南钢,2016/2/8,00:54:13,内弧宽面Tv,稳态,0.085,0.669,0.47,0.042,4.465,21.732,66.915,86,0.424,0.474,,
127,南钢,2016/2/8,00:54:14,外弧宽面Tv,稳态,0.141,-1.337,0.47,-0.733,6.58,15.603,61.939,84,0.334,1.641,,
128,南钢,2016/2/8,00:54:21,外弧宽面Tv,稳态,0.113,0.869,0.53,-0.024,4.465,16.717,53.558,73,0.349,0.852,,
129,南钢,2016/2/8,00:54:30,外弧宽面Tv,稳态,0.113,-1.538,0.61,0.707,10.105,54.609,386.695,238,0.446,0.282,,
130,南钢,2016/2/8,00:54:30,内弧宽面Tv,稳态,0.254,-0.201,0.61,1.044,9.87,25.076,206.77,142,0.455,1.23,,
131,南钢,2016/2/8,00:54:35,内弧宽面Tv,稳态,0.197,0.201,0.65,0.705,23.5,130.958,1519.895,645,0.417,0.539,,
132,南钢,2016/2/8,00:54:42,内弧宽面Tv,稳态,0.226,-0.869,0.71,-0.144,22.56,96.959,1373.14,463,0.426,0.315,,
133,南钢,2016/2/8,00:55:03,外弧宽面Tv,误报,0.226,0.802,0.88,0.17,23.5,141.537,2041.115,702,0.685,0.326,,
134,南钢,2016/2/8,00:56:17,内弧宽面Tv,稳态,0.31,0.267,0.4,0.311,13.63,40.678,257.971,209,0.444,0.932,,
135,南钢,2016/2/8,00:56:24,外弧宽面Tv,稳态,0.508,1.672,0.45,1.09,18.565,59.624,551.823,329,0.485,0.643,,
136,南钢,2016/2/8,00:56:24,内弧宽面Tv,稳态,0.395,0,0.45,0.175,20.21,30.091,461.467,219,0.601,0.47,,
137,南钢,2016/2/8,00:56:39,内弧宽面Tv,稳态,0.818,-1.27,0.57,0.452,23.5,27.862,416.813,259,0.457,0.342,,
138,南钢,2016/2/8,00:56:39,外弧宽面Tv,漏钢,0.169,1.471,0.57,1.113,13.63,54.052,346.231,223,0.515,1.312,,
139,南钢,2016/2/8,00:57:06,内弧宽面Tv,稳态,0.254,1.471,0.8,-0.715,19.27,33.436,520.557,219,0.525,0.325,,
140,南钢,2016/2/8,00:57:10,内弧宽面Tv,稳态,0.902,-0.267,0.82,-59.729,18.095,17.831,193.675,178,0.398,0.175,,
141,南钢,2016/2/10,21:51:29,内弧宽面Tv,稳态,0.056,2.57,0.9,0.527,2.35,14.564,25.167,39,0.335,0.714,,
142,南钢,2016/2/10,21:51:41,外弧宽面Tv,稳态,0.056,1.028,0.9,0.615,4.23,26.559,79.124,72,0.367,0.744,,
143,南钢,2016/2/10,21:51:45,外弧宽面Tv,稳态,0.536,-0.103,0.9,0.917,16.45,20.562,204.755,163,0.64,0.204,,
144,南钢,2016/2/10,21:51:59,内弧宽面Tv,误报,0.085,0.514,0.9,0.51,23.5,81.39,1139.138,318,0.617,3.532,,
145,南钢,2016/2/11,01:00:26,内弧宽面Tv,稳态,0.31,0.925,0.9,0.427,23.5,50.547,916.062,274,0.522,0.436,,
146,南钢,2016/2/11,01:00:48,内弧宽面Tv,误报,0.423,0.206,0.9,0.447,23.5,33.413,512.391,239,0.722,0.198,,
147,南钢,2016/7/27,16:14:16,内弧宽面Tv,稳态,0.197,0,0.57,-119.835,7.52,20.825,113.864,96,0.452,3.692,,
148,南钢,2016/7/27,16:14:22,内弧宽面Tv,稳态,0.874,-0.5,0.62,-21.478,20.68,31.932,452.683,214,0.483,0.24,,
149,南钢,2016/7/27,16:14:28,内弧宽面Tv,误报,0.367,1.916,0.67,1.857,8.46,22.907,142.086,107,0.449,2.664,,
150,南钢,2016/7/27,16:14:33,内弧宽面Tv,稳态,0.169,-1,0.7,2.077,8.46,59.004,350.891,202,0.553,0.276,,
151,南钢,2016/7/27,16:14:38,外弧宽面Tv,稳态,0.254,0,0.7,0.031,16.215,68.723,817.93,272,0.395,0.54,,
152,南钢,2016/7/27,16:14:48,外弧宽面Tv,稳态,0.423,0.916,0.7,-1.385,17.155,37.485,282.213,188,0.356,0.313,,
153,南钢,2016/7/27,16:14:48,内弧宽面Tv,稳态,0.028,-1.166,0.7,-0.099,3.76,17.354,46.655,60,0.343,0.828,,
154,南钢,2016/7/27,16:14:58,内弧宽面Tv,稳态,0.479,-1.666,0.7,-21.004,23.5,31.93,407.477,220,0.433,0.296,,
155,南钢,2015/6/18,05:52:57,外弧宽面Tv,漏钢,0.536,0.639,0.85,0.228,23.5,52.516,716.507,287,0.633,0.89,,
156,南钢,2016/8/1,07:55:52,内弧宽面Tv,稳态,0.056,-2.792,0.75,0.018,4.935,16.375,62.785,63,0.392,2.338,,
157,南钢,2016/8/1,07:55:57,外弧宽面Tv,稳态,0.959,0.103,0.75,1.268,16.685,16.374,183.283,146,0.373,0.139,,
158,南钢,2016/8/1,07:56:02,内弧宽面Tv,稳态,0.31,2.379,0.75,0.961,8.225,14.651,94.173,87,0.371,0.347,,
159,南钢,2016/8/1,07:56:06,内弧宽面Tv,稳态,0.508,-1.655,0.75,-94.542,12.925,21.545,104.502,130,0.327,0.231,,
160,南钢,2016/8/1,07:56:11,内弧宽面Tv,误报,0.423,1.758,0.75,-31.923,17.155,31.025,294.873,163,0.448,0.193,,
161,南钢,2016/8/1,07:56:16,内弧宽面Tv,稳态,0.169,-1.965,0.75,0.824,7.05,31.025,157.158,101,0.496,1.683,,
162,南钢,2016/8/1,07:56:24,内弧宽面Tv,稳态,0.254,-0.517,0.75,-262.871,6.58,18.96,93.971,79,0.558,1.013,,
163,南钢,2016/8/2,21:48:47,内弧宽面Tv,误报,0.028,1.202,0.95,0.479,23.5,48.815,803.007,339,0.602,1.648,,
164,南钢,2016/8/2,21:48:55,内弧宽面Tv,稳态,0.028,0,0.95,-0.131,23.5,41.931,683.291,291,0.682,0.316,,
165,南钢,2016/8/2,21:49:00,内弧宽面Tv,稳态,0.197,1.277,0.95,-0.209,23.5,43.183,559.457,285,0.561,0.371,,
166,南钢,2016/8/2,21:49:14,右侧窄面Tv,稳态,0.705,0.234,0.29,1.431,15.745,14.3,178.718,153,0.493,0.13,,
167,南钢,2016/8/4,07:25:29,内弧宽面Tv,稳态,0.056,0.517,0.7,-0.471,5.17,22.407,91.54,75,0.392,2.115,,
168,南钢,2016/8/4,07:25:39,外弧宽面Tv,稳态,0.028,-0.931,0.7,-1.626,2.585,7.756,13.974,29,0.319,8.181,,
169,南钢,2016/8/4,07:26:15,内弧宽面Tv,误报,0.056,0.414,0.7,-0.093,4.465,16.374,54.479,57,0.405,12.1,,
170,南钢,2016/8/4,07:26:21,内弧宽面Tv,稳态,0.056,0.103,0.1,-1.467,3.525,15.512,39.897,49,0.398,2.333,,
171,南钢,2016/8/4,08:44:31,内弧宽面Tv,误报,1.241,1.551,0.7,-20.951,22.09,31.885,478.341,208,0.549,0.146,,
172,南钢,2016/8/4,08:44:37,内弧宽面Tv,稳态,0.197,0,0.7,0.592,6.58,14.651,73.313,72,0.412,0.595,,
173,南钢,2016/8/4,08:44:46,内弧宽面Tv,稳态,0.085,-0.414,0.7,-306.609,4.23,10.342,32.404,47,0.349,0.692,,
174,南钢,2016/8/4,09:46:06,内弧宽面Tv,稳态,0.056,2.068,0.7,-807.43,1.41,12.066,12.354,28,0.323,3.013,,
175,南钢,2016/8/4,09:46:11,内弧宽面Tv,稳态,0.169,-0.517,0.7,0.242,5.17,19.821,77.971,70,0.369,1.626,,
176,南钢,2016/8/4,09:46:17,内弧宽面Tv,误报,0.226,-1.551,0.7,-0.853,8.695,21.545,103.084,97,0.337,0.668,,
177,南钢,2016/8/4,09:46:20,内弧宽面Tv,稳态,0.169,-2.172,0.7,-2.812,4.935,3.447,14.379,43,0.305,0.137,,
178,南钢,2016/8/4,09:46:36,内弧宽面Tv,稳态,0.028,0,0.7,-1915.816,1.41,8.618,9.114,22,0.324,4.632,,
179,南钢,2016/8/5,17:34:23,外弧宽面Tv,稳态,0.226,-0.206,0.7,1.601,6.11,25.803,108.945,84,0.481,3.95,,
180,南钢,2016/8/5,17:34:30,外弧宽面Tv,稳态,0.226,0.413,0.7,0.315,12.455,86.87,630.625,295,0.476,0.444,,
181,南钢,2016/8/5,17:34:30,内弧宽面Tv,稳态,0.31,-0.413,0.7,1.62,8.695,41.285,282.367,140,0.538,1.318,,
182,南钢,2016/8/5,17:34:35,外弧宽面Tv,稳态,0.79,0.413,0.7,1.169,23.5,136.756,2492.183,494,0.605,0.53,,
183,南钢,2016/8/5,17:34:44,内弧宽面Tv,稳态,0.056,0,0.7,0.655,6.345,33.544,161.295,102,0.452,1.027,,
184,南钢,2016/8/5,17:34:53,外弧宽面Tv,稳态,0.141,-0.31,0.7,-0.062,23.5,153.952,2491.682,695,0.582,0.6,,
185,南钢,2016/8/5,17:34:53,内弧宽面Tv,误报,0.197,0.31,0.7,-0.103,23.5,110.949,1443.712,407,0.633,1.655,,
186,南钢,2016/8/7,12:05:39,内弧宽面Tv,误报,0.536,0.582,0.9,-807.205,13.395,27.018,185.918,147,0.356,0.414,,
187,南钢,2016/8/7,12:05:47,内弧宽面Tv,稳态,0.902,1.247,0.9,-0.442,23.5,21.476,218.641,238,0.326,0.079,,
188,南钢,2016/8/7,12:51:56,外弧宽面Tv,稳态,0.536,0.998,0.9,2.202,14.335,48.494,315.181,225,0.512,0.864,,
189,南钢,2016/8/7,12:52:05,外弧宽面Tv,稳态,0.705,0.249,0.9,-14.986,23.5,34.638,589.988,266,0.414,0.257,,
190,南钢,2016/8/7,12:52:12,外弧宽面Tv,稳态,0.564,-0.831,0.9,0.153,23.5,93.524,1289.866,418,0.544,0.601,,
191,南钢,2016/8/7,12:52:29,内弧宽面Tv,稳态,0.056,0,0.9,0.528,3.525,12.47,28.49,47,0.394,2.486,,
192,南钢,2016/8/7,12:52:50,内弧宽面Tv,误报,0.423,-1.081,0.12,0.643,23.5,67.198,1228.816,380,0.688,2.366,,
193,南钢,2016/8/7,14:40:21,内弧宽面Tv,稳态,0.085,-0.083,0.9,-0.502,3.995,18.705,50.956,63,0.35,0.845,,
194,南钢,2016/8/7,14:40:28,内弧宽面Tv,稳态,0.028,-2.411,0.9,0.54,4.465,57.5,193.407,170,0.448,0.168,,
195,南钢,2016/8/7,14:40:33,内弧宽面Tv,稳态,0.79,-0.499,0.9,1.065,20.68,54.036,768.254,388,0.556,1.674,,
196,南钢,2016/8/7,14:40:44,内弧宽面Tv,误报,0.395,1.247,0.9,-0.111,23.5,52.65,823.932,310,0.504,0.839,,
197,南钢,2016/8/7,14:41:05,内弧宽面Tv,稳态,0.592,-1.496,0.1,1.126,18.8,43.642,310.445,244,0.38,0.508,,
198,南钢,2016/8/14,07:07:12,内弧宽面Tv,误报,0.169,-0.103,0.3,1.446,6.815,101.692,410.919,255,0.477,0.2,,
199,南钢,2016/8/14,19:11:51,内弧宽面Tv,稳态,0.254,0.403,0.6,1.584,6.58,37.77,164.501,107,0.441,0.863,,
200,南钢,2016/8/14,19:11:52,内弧宽面Tv,误报,0.056,0.806,0.6,0.722,6.11,41.967,168.051,119,0.4,0.449,,
201,南钢,2016/8/15,15:13:19,外弧宽面Tv,稳态,0.085,-0.929,0.55,-0.115,23.5,60.207,844.068,315,0.391,0.744,,
202,南钢,2016/8/15,15:13:19,内弧宽面Tv,稳态,0.338,0,0.55,0.674,14.1,39.565,360.184,165,0.532,1.232,,
203,南钢,2016/8/15,15:13:31,内弧宽面Tv,稳态,0.197,0.103,0.55,-0.638,19.27,29.243,444.065,185,0.437,0.146,,
204,南钢,2016/8/15,15:13:37,内弧宽面Tv,稳态,0.056,-1.548,0.55,-10.848,23.5,58.487,621.934,270,0.541,0.185,,
205,南钢,2016/8/15,15:13:47,内弧宽面Tv,稳态,0.31,1.239,0.55,0.527,22.795,48.166,822.036,239,0.658,0.314,,
206,南钢,2016/8/15,15:13:55,内弧宽面Tv,误报,0.254,0.722,0.55,-0.088,23.5,122.994,1789.601,464,0.583,2.129,,
207,南钢,2016/8/15,15:14:08,内弧宽面Tv,稳态,0.367,-1.445,0.55,-57.344,10.81,27.523,174.837,123,0.412,0.749,,
208,南钢,2016/8/15,19:50:14,外弧宽面Tv,稳态,0.056,-0.206,0.55,0.45,3.525,22.363,44.669,62,0.339,0.549,,
209,南钢,2016/8/15,19:50:49,外弧宽面Tv,误报,0.282,-0.206,0.55,1.979,8.46,24.943,129.157,100,0.402,0.987,,
210,南钢,2016/8/15,19:50:54,外弧宽面Tv,稳态,0.028,1.239,0.55,-0.506,9.165,20.642,91.966,97,0.337,0.437,,
211,南钢,2016/8/15,19:50:58,外弧宽面Tv,稳态,0.254,1.342,0.38,1.78,5.875,39.565,162.912,106,0.388,0.572,,
212,南钢,2016/8/15,23:51:36,内弧宽面Tv,误报,0.085,-0.667,0.09,-0.047,8.93,37.516,223.506,137,1.04,1.005,,
213,南钢,2016/8/17,07:41:51,内弧宽面Tv,稳态,0.056,0.166,0.9,-498.878,2.585,10.39,20.022,37,0.327,1.101,,
214,南钢,2016/8/17,07:42:19,外弧宽面Tv,稳态,0.169,0.249,0.9,0.646,8.93,27.707,173.683,120,0.722,1.453,,
215,南钢,2016/8/17,07:42:24,外弧宽面Tv,漏钢,0.395,-1.081,0.9,0.937,21.15,63.725,710.683,285,0.671,3.749,,
216,南钢,2016/8/17,07:42:37,内弧宽面Tv,稳态,0.028,0.416,0.72,-0.028,3.76,30.477,86.923,94,0.458,0.278,,
217,南钢,2016/8/17,07:51:02,外弧宽面Tv,稳态,1.043,1.33,0.85,2.136,23.5,56.799,858.484,294,0.486,0.942,,
218,南钢,2016/8/17,07:51:13,外弧宽面Tv,稳态,0.056,0.249,0.85,-0.246,13.865,32.555,336.134,164,0.386,0.226,,
219,南钢,2016/8/17,07:51:19,外弧宽面Tv,稳态,0.564,-0.499,0.85,-15.857,23.5,38.789,560.928,222,0.363,0.503,,
220,南钢,2016/8/17,07:51:40,内弧宽面Tv,稳态,0.141,-0.914,0.85,0.515,11.28,63.725,492.725,234,0.523,0.368,,
221,南钢,2016/8/17,07:51:41,外弧宽面Tv,漏钢,0.31,0.332,0.85,0.576,16.92,31.17,333.367,185,0.465,0.484,,
222,南钢,2016/8/17,07:51:43,内弧宽面Tv,稳态,0.028,-0.166,0.85,0.598,7.285,38.789,207.377,134,0.486,0.646,,
223,南钢,2016/8/17,13:17:48,内弧宽面Tv,稳态,0.169,-0.083,0.9,0.358,4.935,9.006,33.538,54,0.351,0.58,,
224,南钢,2016/8/17,13:18:04,外弧宽面Tv,稳态,0.113,0.748,0.9,-1613.46,3.055,15.934,33.701,52,0.365,0.694,,
225,南钢,2016/8/17,13:18:14,内弧宽面Tv,误报,0.705,0.083,0.9,1.259,18.565,20.09,319.414,187,0.526,0.167,,
226,南钢,2016/8/18,14:53:31,外弧宽面Tv,稳态,1.354,0.665,0.9,1.575,23.5,47.108,698.576,317,0.699,0.63,,
227,南钢,2016/8/18,14:53:32,内弧宽面Tv,稳态,0.931,0.665,0.56,-0.046,23.5,25.632,243.386,262,0.351,0.206,,
228,南钢,2016/8/18,14:53:35,外弧宽面Tv,误报,1.1,0.831,0.1,1.001,23.03,52.65,756.858,279,0.574,1.033,,
229,南钢,2016/8/18,14:53:35,内弧宽面Tv,稳态,0.959,0.665,0.1,0.753,22.795,18.705,310.948,211,0.461,0.107,,
230,南钢,2016/8/20,00:44:04,外弧宽面Tv,稳态,0.085,-0.722,0.75,0.904,2.585,20.642,43.052,56,0.366,0.366,,
231,南钢,2016/8/20,00:44:39,外弧宽面Tv,稳态,0.226,-0.31,0.75,-113.681,4.935,21.503,81.052,71,0.437,1.741,,
232,南钢,2016/8/20,00:56:31,外弧宽面Tv,误报,0.197,1.032,0.75,0.975,8.695,29.243,128.348,106,0.431,1.31,,
233,南钢,2016/8/20,00:56:35,外弧宽面Tv,稳态,0.056,-0.826,0.75,-0.013,5.17,29.243,95.2,80,0.461,1.144,,
234,南钢,2016/8/20,00:56:39,外弧宽面Tv,稳态,0.254,-1.135,0.75,0.041,15.275,34.404,133.199,172,0.376,0.406,,
235,南钢,2016/8/20,00:56:45,外弧宽面Tv,稳态,0.028,0.206,0.75,-0.514,2.585,18.062,35.776,48,0.381,0.517,,
236,南钢,2016/8/22,05:10:31,内弧宽面Tv,稳态,0.028,0.516,0.75,0.107,5.405,24.083,101.466,81,0.559,1.856,,
237,南钢,2016/8/22,05:10:43,内弧宽面Tv,误报,0.79,0.929,0.75,1.4,17.39,32.684,268.016,171,0.448,0.185,,
238,南钢,2016/8/22,05:10:49,内弧宽面Tv,稳态,1.241,-2.787,0.01,-15.499,21.15,33.544,528.755,198,0.729,0.148,,
239,南钢,2016/8/22,05:34:22,外弧宽面Tv,稳态,0.085,-0.206,0.75,1.098,3.055,12.041,25.872,40,0.353,14.292,,
240,南钢,2016/8/22,05:34:25,外弧宽面Tv,稳态,1.466,1.445,0.75,1.52,23.5,61.927,353.514,280,0.398,0.292,,
241,南钢,2016/8/22,05:34:34,外弧宽面Tv,误报,1.523,2.89,0.75,1.989,23.5,60.207,498.639,346,0.411,1.104,,
242,南钢,2016/8/22,05:34:42,外弧宽面Tv,稳态,0.367,0.619,0.75,1.668,7.99,16.342,88.53,84,0.331,0.523,,
243,南钢,2016/8/22,05:34:52,外弧宽面Tv,稳态,0.028,-1.135,0.75,-1453.025,0.94,10.321,7.883,24,0.319,2.147,,
244,南钢,2016/8/22,05:46:24,内弧宽面Tv,稳态,0.056,0,0.75,-1.145,4.7,12.041,45.478,54,0.347,0.773,,
245,南钢,2016/8/22,05:46:29,内弧宽面Tv,误报,0.197,0.103,0.75,0.925,9.4,21.503,137.242,103,0.596,0.658,,
246,南钢,2016/8/22,05:46:31,内弧宽面Tv,稳态,0.141,0.103,0.75,0.488,8.695,18.062,122.689,95,0.447,0.498,,
247,南钢,2016/8/22,05:46:46,内弧宽面Tv,稳态,0.113,0,0.75,0.604,4.23,17.202,44.467,53,0.426,4.246,,
248,南钢,2016/8/23,10:29:56,内弧宽面Tv,稳态,0.085,0.206,0.75,-2352.918,2.82,12.041,26.276,38,0.367,2.106,,
249,南钢,2016/8/23,10:30:16,内弧宽面Tv,稳态,0.141,-2.064,0.75,1.895,4.23,44.725,135.625,116,0.428,0.208,,
250,南钢,2016/8/23,10:30:23,外弧宽面Tv,漏钢,0.931,2.064,0.75,1.091,23.5,44.725,373.928,255,0.377,0.233,,
251,南钢,2016/8/23,10:30:39,内弧宽面Tv,稳态,0.169,-0.206,0.75,0.996,6.58,18.063,85.299,76,0.485,1.121,,
252,南钢,2016/8/23,21:30:39,外弧宽面Tv,误报,0.056,-1.858,0.75,-69.86,17.86,24.943,334.312,165,0.469,0.212,,
253,南钢,2016/8/23,21:31:06,外弧宽面Tv,稳态,1.551,-2.271,0.75,-26.406,23.5,38.705,429.512,245,0.75,0.221,,
254,南钢,2016/8/23,21:31:06,内弧宽面Tv,稳态,0.113,0,0.75,0.988,2.82,18.922,41.233,51,0.384,0.554,,
255,南钢,2016/8/24,06:42:00,外弧宽面Tv,稳态,0.056,-1.132,0.7,0.165,3.29,14.578,34.863,45,0.326,2.02,,
256,南钢,2016/8/24,06:42:16,外弧宽面Tv,稳态,0.056,1.441,0.7,-1375.387,2.585,10.29,19.144,32,0.327,17.838,,
257,南钢,2016/8/24,06:42:21,外弧宽面Tv,误报,0.254,-1.749,0.7,-186.748,7.755,21.438,125.547,92,0.536,1.074,,
258,南钢,2016/8/24,12:05:40,内弧宽面Tv,稳态,0.338,0,0.75,1.579,7.285,19.723,120.509,87,0.573,1.058,,
259,南钢,2016/8/24,12:05:50,内弧宽面Tv,稳态,0.085,-1.749,0.75,-1269.409,4.7,8.575,31.639,48,0.384,0.402,,
260,南钢,2016/8/24,12:05:58,内弧宽面Tv,稳态,0.254,-1.544,0.75,1.257,8.93,28.299,204.543,115,0.849,1.985,,
261,南钢,2016/8/24,12:05:59,右侧窄面Tv,误报,0.959,-0.078,0.75,-47.09,19.27,22.75,256.467,180,0.455,0.166,,
262,南钢,2016/8/24,12:06:09,内弧宽面Tv,稳态,0.141,-2.161,0.35,-2.368,7.52,17.151,101.969,83,0.533,0.661,,
263,南钢,2016/8/29,11:18:24,内弧宽面Tv,稳态,0.197,0.103,0.7,1.06,7.99,24.943,163.518,103,0.547,1.591,,
264,南钢,2016/8/29,11:18:30,内弧宽面Tv,稳态,0.085,-1.239,0.7,1.438,8.695,72.248,410.311,222,0.557,0.336,,
265,南钢,2016/8/29,11:18:41,内弧宽面Tv,误报,0.874,-1.445,0.7,0.853,23.5,129.875,1845.792,601,0.623,1.3,,
266,南钢,2016/8/29,11:18:47,内弧宽面Tv,稳态,0.056,1.858,0.7,0.301,23.5,193.523,3128.67,716,0.559,0.321,,
267,南钢,2016/8/29,15:34:39,内弧宽面Tv,稳态,0.254,0.31,0.75,0.205,20.68,36.984,523.904,192,0.388,0.218,,
268,南钢,2016/8/29,15:35:05,内弧宽面Tv,稳态,0.226,0.31,0.75,1.505,7.52,30.104,164.933,104,0.487,2.531,,
269,南钢,2016/8/29,15:35:16,内弧宽面Tv,误报,0.423,2.787,0.75,0.618,17.86,105.792,898.035,413,0.464,0.947,,
270,南钢,2016/8/29,15:35:23,内弧宽面Tv,稳态,0.395,-1.651,0.75,0.725,23.5,141.917,2478.438,574,0.703,0.59,,
271,南钢,2016/8/31,21:20:28,外弧宽面Tv,稳态,0.62,0.722,0.7,1.943,15.51,18.062,142.295,150,0.452,0.212,,
272,南钢,2016/8/31,21:20:30,内弧宽面Tv,稳态,0.338,0.206,0.7,-781.736,9.87,27.523,138.657,118,0.422,0.8,,
273,南钢,2016/8/31,21:20:35,外弧宽面Tv,误报,0.31,0.103,0.7,0.571,20.445,22.363,356.155,198,0.817,0.101,,
274,南钢,2016/8/31,21:20:40,外弧宽面Tv,稳态,0.028,0,0.7,-0.557,23.5,29.243,228.602,234,0.359,0.203,,
275,南钢,2016/8/31,21:20:43,内弧宽面Tv,稳态,1.466,1.135,0.7,0.295,23.5,24.943,213.038,222,0.347,0.106,,
276,南钢,2016/9/2,06:01:48,内弧宽面Tv,稳态,0.085,1.833,0.8,-1175.907,2.115,9.718,15.007,33,0.347,1.125,,
277,南钢,2016/9/2,06:01:51,内弧宽面Tv,稳态,0.141,-0.75,0.8,-559.71,3.995,20.13,62.149,71,0.411,0.667,,
278,南钢,2016/9/2,06:02:16,左侧窄面Tv,误报,0.733,0,0.8,1.637,13.63,9.1,103.259,123,0.34,0.084,,
279,南钢,2016/9/2,06:02:29,内弧宽面Tv,稳态,0.141,0.167,0.65,0.889,5.17,20.13,66.88,73,0.376,1.55,,
280,南钢,2016/9/4,23:32:08,外弧宽面Tv,误报,0.282,-1.965,0.75,-0.118,13.16,26.716,172.752,135,0.394,0.29,,
281,南钢,2016/9/4,23:32:20,外弧宽面Tv,稳态,0.085,-0.414,0.75,1.342,2.585,25.853,46.781,62,0.358,0.326,,
282,南钢,2016/9/4,23:32:52,外弧宽面Tv,稳态,0.141,0,0.75,1.145,5.17,17.236,53.264,62,0.427,1.682,,
283,南钢,2016/9/4,23:32:58,外弧宽面Tv,稳态,0.254,-1.965,0.21,-415.517,6.345,20.682,91.942,79,0.563,1.472,,
284,南钢,2016/9/5,08:41:21,外弧宽面Tv,误报,1.072,-1.551,0.75,1.155,20.21,33.61,350.365,196,0.623,0.201,,
285,南钢,2016/9/6,01:10:59,内弧宽面Tv,稳态,0.31,-2.064,0.75,0.786,7.52,25.803,130.572,96,0.397,2.395,,
286,南钢,2016/9/6,01:11:05,内弧宽面Tv,误报,1.015,2.684,0.75,0.603,21.15,40.425,410.917,227,0.646,0.316,,
287,南钢,2016/9/6,01:11:08,外弧宽面Tv,稳态,0.141,2.993,0.75,-166.052,5.17,12.041,46.286,57,0.367,0.615,,
288,南钢,2016/9/6,01:11:25,外弧宽面Tv,稳态,0.31,-1.858,0.75,-171.893,8.225,7.741,58.012,77,0.312,0.071,,
289,南钢,2016/9/6,01:11:33,外弧宽面Tv,稳态,0.169,0,0.75,-770.262,4.465,11.181,35.776,48,0.352,0.92,,
290,南钢,2016/9/6,01:12:27,外弧宽面Tv,误报,0.423,-2.89,0.4,-1.41,14.1,21.503,207.985,139,0.398,0.145,,
291,南钢,2016/9/6,01:12:39,外弧宽面Tv,稳态,0.141,1.342,0.4,1.766,4.465,43.005,141.486,111,0.532,0.258,,
292,南钢,2016/9/6,01:12:44,外弧宽面Tv,稳态,0.028,1.032,0.4,-0.356,4.7,29.243,104.296,83,0.627,0.674,,
293,南钢,2016/9/6,01:12:46,内弧宽面Tv,稳态,0.085,1.858,0.4,-986.882,2.115,14.622,21.627,37,0.367,0.57,,
294,南钢,2016/9/6,01:12:50,外弧宽面Tv,稳态,0.931,-1.135,0.4,-30.086,16.685,23.223,311.674,155,0.485,0.1,,
295,南钢,2016/9/8,12:02:12,内弧宽面Tv,稳态,0.508,1.43,0.7,-98.719,13.395,15.05,112.436,135,0.379,0.314,,
296,南钢,2016/9/8,12:02:43,内弧宽面Tv,稳态,0.056,1.58,0.7,-926.975,2.585,13.168,26.23,49,0.415,0.415,,
297,南钢,2016/9/8,12:02:47,内弧宽面Tv,误报,0.902,-1.655,0.68,1.038,19.27,29.471,323.145,203,0.468,0.31,,
298,南钢,2016/9/9,20:03:18,内弧宽面Tv,稳态,0.282,-2.166,0.7,1.283,7.05,12.494,67.203,78,0.382,0.558,,
299,南钢,2016/9/9,20:03:28,外弧宽面Tv,稳态,0.113,0.583,0.7,0.964,6.345,28.459,117.774,100,0.412,1.024,,
300,南钢,2016/9/9,20:03:40,外弧宽面Tv,误报,1.072,2.416,0.7,-29.781,23.5,53.448,471.421,279,0.399,0.193,,
301,南钢,2016/9/9,20:03:45,内弧宽面Tv,稳态,0.028,1.416,0.7,-0.544,3.055,13.189,29.363,47,0.362,0.845,,
302,南钢,2016/9/9,20:03:50,外弧宽面Tv,稳态,0.226,-0.75,0.7,-14.773,23.5,67.331,739.592,308,0.605,0.249,,
303,南钢,2016/9/11,06:52:53,内弧宽面Tv,误报,1.551,2.993,0.6,-18.523,23.5,69.668,469.331,302,0.511,0.274,,
304,南钢,2016/9/11,06:53:01,内弧宽面Tv,稳态,0.056,2.167,0.6,-634.791,2.585,11.181,20.01,34,0.342,2.94,,
305,南钢,2016/9/11,06:53:12,外弧宽面Tv,稳态,0.085,-0.206,0.1,0.857,3.29,17.202,42.244,50,0.44,1.007,,
306,南钢,2016/9/16,11:14:16,外弧宽面Tv,稳态,0.226,0.749,0.75,1.261,7.285,31.206,166.55,115,0.499,0.92,,
307,南钢,2016/9/16,11:14:28,外弧宽面Tv,误报,0.536,-0.499,0.75,0.78,20.915,58.945,931.343,283,0.766,2.121,,
308,南钢,2016/10/5,13:57:22,外弧宽面Tv,稳态,0.169,1.53,0.65,-1028.609,5.405,16.388,64.472,75,0.398,2.434,,
309,南钢,2016/10/5,13:57:32,外弧宽面Tv,误报,0.226,1.238,0.65,-288.628,7.285,8.498,47.641,76,0.442,0.308,,
310,南钢,2016/10/5,13:57:36,左侧窄面Tv,稳态,0.028,0,0.65,-0.156,6.11,8.333,39.754,60,0.397,0.268,,
311,南钢,2016/10/10,16:37:40,内弧宽面Tv,误报,0.592,-1.731,0.9,-23.028,19.74,29.472,399.789,201,0.455,0.271,,
312,南钢,2016/10/12,05:43:09,内弧宽面Tv,误报,0.056,0,0.3,0.603,5.405,18.152,69.469,67,0.603,2.523,,
313,南钢,2016/10/13,01:43:21,外弧宽面Tv,稳态,0.79,0,0.75,-9.634,17.155,14.651,208.801,158,0.379,0.088,,
314,南钢,2016/10/13,01:43:23,内弧宽面Tv,稳态,0.987,0.62,0.75,1.63,20.445,49.123,630.859,232,0.657,0.421,,
315,南钢,2016/10/13,01:43:34,内弧宽面Tv,稳态,0.338,0.31,0.75,0,23.5,34.472,559.369,258,0.555,0.139,,
316,南钢,2016/10/13,01:43:41,内弧宽面Tv,误报,0.169,2.689,0.75,-5.335,23.5,109.449,1398.826,505,0.492,1.078,,
317,南钢,2016/10/13,01:43:57,内弧宽面Tv,稳态,0.197,-0.414,0.75,-0.105,23.5,32.748,622.556,231,0.625,0.118,,
318,南钢,2016/10/13,23:58:10,外弧宽面Tv,误报,0.141,-0.31,0.7,1.291,3.76,17.202,45.276,53,0.369,2.54,,
319,南钢,2016/10/14,16:51:09,外弧宽面Tv,稳态,0.028,-0.31,0.7,-1048.139,1.645,12.928,15.797,31,0.341,3.318,,
320,南钢,2016/10/14,16:51:19,外弧宽面Tv,稳态,0.028,0,0.7,-461.238,2.82,17.236,37.669,48,0.369,0.697,,
321,南钢,2016/10/14,16:51:26,内弧宽面Tv,稳态,0.085,1.448,0.7,1.343,3.055,39.643,99.236,97,0.543,0.187,,
322,南钢,2016/10/14,16:51:32,内弧宽面Tv,误报,0.959,1.551,0.7,0.788,21.62,38.781,441.5,225,0.686,0.216,,
323,南钢,2016/10/14,16:51:37,外弧宽面Tv,稳态,0.056,-0.31,0.7,0.01,4.23,19.822,56.709,60,0.376,2.194,,
324,南钢,2016/10/14,18:27:21,内弧宽面Tv,误报,0.79,-2.379,0.7,1.573,20.445,49.984,458.512,250,0.495,0.627,,
325,南钢,2016/10/14,18:27:28,内弧宽面Tv,稳态,0.62,0.414,0.7,0.898,13.865,18.098,182.878,136,0.386,0.125,,
326,南钢,2016/10/14,18:27:41,内弧宽面Tv,稳态,0.028,1.551,0.36,0.256,2.35,18.96,36.252,50,0.412,0.362,,
327,南钢,2016/10/15,00:09:47,内弧宽面Tv,稳态,0.902,-1.445,0.7,1.364,19.27,47.306,701.975,207,0.565,0.253,,
328,南钢,2016/10/15,00:09:52,内弧宽面Tv,误报,0.564,-2.993,0.7,-24.268,23.5,36.124,392.928,234,0.471,0.399,,
329,南钢,2016/10/15,00:09:59,内弧宽面Tv,稳态,2.03,-1.239,0.7,-15.979,23.5,74.829,556.244,373,0.476,0.883,,
330,南钢,2016/10/15,00:10:27,外弧宽面Tv,稳态,0.028,0.206,0.7,0.041,1.645,12.902,14.957,31,0.328,3.134,,
331,南钢,2016/10/15,00:10:30,内弧宽面Tv,稳态,0.197,-1.961,0.7,-45.642,14.57,14.622,175.847,136,0.403,0.077,,
332,南钢,2016/10/15,20:52:42,右侧窄面Tv,稳态,0.169,0.078,0,0.353,8.225,8.45,52.699,80,0.428,0.248,,
333,南钢,2016/10/15,20:53:13,内弧宽面Tv,稳态,0.197,0.25,0.4,1.622,6.815,57.624,258.434,173,0.68,0.306,,
334,南钢,2016/10/15,20:53:16,外弧宽面Tv,稳态,0.254,0.666,0.4,1.827,5.875,33.325,151.243,115,0.708,0.501,,
335,南钢,2016/10/15,20:53:27,外弧宽面Tv,稳态,0.113,0.583,0.4,0.398,2.585,14.58,26.268,46,0.353,0.624,,
336,南钢,2016/10/15,20:53:29,外弧宽面Tv,误报,0.282,-0.666,0.4,1.166,7.99,15.274,80.434,88,0.378,0.655,,
337,南钢,2016/10/17,19:32:06,内弧宽面Tv,误报,1.1,0.167,0.85,1.531,23.5,47.201,446.952,344,0.487,0.773,,
338,南钢,2016/10/17,19:32:12,内弧宽面Tv,稳态,0.874,-2.082,0.73,1.003,23.265,55.531,795.053,332,1.554,0.625,,
339,南钢,2016/10/22,04:32:05,外弧宽面Tv,误报,0.028,0.31,0.75,0.47,1.41,14.622,15.766,34,0.365,0.385,,
340,南钢,2016/10/22,04:32:56,内弧宽面Tv,误报,0.169,0.206,0.4,1.645,5.405,19.782,78.623,69,0.649,2.63,,
341,南钢,2016/10/22,04:32:59,外弧宽面Tv,稳态,0.056,-2.89,0.4,1.04,4.23,86.01,190.602,203,0.477,0.169,,
342,南钢,2016/10/22,04:33:04,内弧宽面Tv,稳态,0.028,-1.755,0.4,-1703.715,0.94,12.902,8.489,28,0.35,1.733,,
343,南钢,2016/10/22,15:24:03,内弧宽面Tv,误报,0.987,0.31,0.75,1.575,20.68,26.715,435.408,195,0.529,0.1,,
344,南钢,2016/10/26,09:26:03,右侧窄面Tv,误报,0.056,0,0.9,0.384,4.935,16.25,63.086,71,0.513,1.941,,
345,南钢,2016/10/27,16:18:37,内弧宽面Tv,误报,0.028,-0.515,0.13,-1457.267,0.94,9.434,6.853,21,0.326,2.463,,
346,南钢,2016/10/29,13:17:35,右侧窄面Tv,稳态,0.254,-0.078,0.8,-586.995,6.11,10.4,47.2,67,0.421,0.601,,
347,南钢,2016/10/29,13:17:51,内弧宽面Tv,稳态,0.705,-0.62,0.8,1.872,17.39,41.366,294.063,179,0.345,0.282,,
348,南钢,2016/10/29,13:17:57,内弧宽面Tv,稳态,0.254,-1.241,0.8,-0.458,23.5,255.955,4229.288,844,0.52,0.216,,
349,南钢,2016/10/29,13:18:01,外弧宽面Tv,误报,0.451,-0.62,0.8,-0.514,23.5,54.291,769.963,280,0.529,0.626,,
350,南钢,2016/10/29,13:18:06,内弧宽面Tv,稳态,0.085,-1.034,0.8,-0.727,23.5,75.838,1236.605,382,0.94,2.115,,
351,南钢,2016/10/29,18:25:06,外弧宽面Tv,误报,0.367,-0.103,0.8,1.154,10.105,13.762,91.764,98,0.377,0.23,,
352,南钢,2016/10/29,18:25:13,外弧宽面Tv,稳态,0.056,-0.516,0.8,-239.898,2.82,12.902,25.266,38,0.384,1.516,,
353,南钢,2016/10/29,18:25:28,右侧窄面Tv,稳态,0.536,0.78,0.41,1.053,15.51,18.85,117.618,156,0.363,0.24,,
354,南钢,2016/10/29,20:40:41,右侧窄面Tv,误报,0.085,0.156,0.8,0.423,4.935,11.7,42.006,59,0.38,1.786,,
355,南钢,2016/10/29,22:36:07,外弧宽面Tv,稳态,0.141,-0.103,0.8,-133.903,4.465,18.062,53.361,58,0.384,2.116,,
356,南钢,2016/10/29,22:36:11,外弧宽面Tv,误报,0.592,-0.103,0.8,-53.268,14.335,22.363,179.89,137,0.39,0.161,,
357,南钢,2016/10/29,22:36:21,外弧宽面Tv,稳态,1.241,1.651,0.8,1.476,23.5,34.404,370.897,231,0.571,0.324,,
358,南钢,2016/10/29,23:06:11,右侧窄面Tv,误报,0.085,-0.156,0.8,-465.987,3.995,7.8,21.843,44,0.341,0.896,,
359,南钢,2016/11/8,05:36:17,内弧宽面Tv,稳态,0.085,2.12,0.7,-612.449,3.055,12.517,27.165,43,0.419,1.319,,
360,南钢,2016/11/8,05:36:28,内弧宽面Tv,稳态,0.113,0.353,0.7,0.296,4.23,11.044,33.393,50,0.334,1.537,,
361,南钢,2016/11/8,05:36:54,内弧宽面Tv,误报,0.508,0,0.7,0.419,17.86,35.342,204.003,210,0.367,0.368,,
362,南钢,2016/11/8,05:37:03,内弧宽面Tv,稳态,0.056,0.265,0.24,0.899,3.76,19.143,59.693,67,0.4,0.618,,
363,南钢,2016/11/9,16:05:13,内弧宽面Tv,稳态,0.085,-0.222,0.7,0.396,4.935,15.76,56.642,58,0.366,1.467,,
364,南钢,2016/11/9,16:05:36,内弧宽面Tv,误报,1.438,-2.447,0.7,1.372,23.5,58.403,767.278,273,0.987,0.654,,
365,南钢,2016/11/10,01:10:42,外弧宽面Tv,稳态,0.169,-2.336,0.7,0.635,23.5,160.383,2411.718,617,0.428,0.432,,
366,南钢,2016/11/10,01:10:42,内弧宽面Tv,稳态,0.367,2.781,0.7,0.675,23.5,139.06,2084.927,547,0.504,0.548,,
367,南钢,2016/11/10,01:11:11,外弧宽面Tv,误报,0.085,0.334,0.7,-0.016,23.5,166.872,2703.433,595,0.846,0.599,,
368,南钢,2016/11/10,17:45:21,外弧宽面Tv,稳态,0.677,-1.224,0.7,1.555,14.57,16.686,172.098,141,0.348,0.16,,
369,南钢,2016/11/10,17:45:55,内弧宽面Tv,稳态,0.028,0.89,0.7,-0.011,3.055,19.467,46.837,52,0.397,0.674,,
370,南钢,2016/11/10,17:46:04,内弧宽面Tv,误报,0.846,-0.779,0,1.921,17.625,25.029,217.409,169,0.43,0.113,,
371,南钢,2016/11/13,10:11:41,外弧宽面Tv,稳态,0.367,-0.31,0.75,-14.857,23.5,39.643,617.088,247,0.493,0.375,,
372,南钢,2016/11/13,10:11:47,外弧宽面Tv,稳态,0.169,0.517,0.75,1.124,8.695,29.301,157.968,108,0.398,1.956,,
373,南钢,2016/11/13,10:12:11,内弧宽面Tv,稳态,0.226,1.448,0.75,1.911,4.935,18.098,67.643,65,0.54,1.601,,
374,南钢,2016/11/13,10:12:17,内弧宽面Tv,误报,0.62,-0.931,0.75,0.69,15.275,29.301,186.524,150,0.389,0.13,,
375,南钢,2016/11/13,10:12:22,外弧宽面Tv,稳态,0.056,0.414,0.75,0.188,4.7,30.163,112.4,86,0.461,0.526,,
376,南钢,2016/11/16,05:40:41,内弧宽面Tv,误报,0.818,-0.332,0.95,1.218,23.5,33.173,555.762,267,0.512,0.369,,
377,南钢,2016/11/16,05:40:50,内弧宽面Tv,稳态,0.169,0,0.95,0.07,23.5,53.215,1088.137,310,0.862,0.517,,
378,南钢,2016/11/16,05:41:02,内弧宽面Tv,稳态,0.085,-1.244,0.95,0.046,23.5,101.592,1550.027,404,0.618,0.534,,
379,南钢,2016/11/18,13:31:28,内弧宽面Tv,稳态,0.141,0.166,0.95,0.469,18.33,22.115,225.261,170,0.362,0.135,,
380,南钢,2016/11/18,13:31:52,外弧宽面Tv,误报,0.085,-0.332,0.95,-0.383,23.5,37.319,512.399,254,0.605,0.302,,
381,南钢,2016/11/18,13:31:58,外弧宽面Tv,稳态,0.085,0,0.95,0.089,23.5,35.246,694.784,257,0.617,0.24,,
382,南钢,2016/11/19,08:34:58,内弧宽面Tv,稳态,0.282,0.829,1.05,-0.09,23.5,42.848,648.984,293,0.519,0.394,,
383,南钢,2016/11/19,08:35:12,外弧宽面Tv,稳态,0.056,0.415,1.05,0.622,5.17,26.262,91.598,90,0.419,0.712,,
384,南钢,2016/11/19,08:35:18,外弧宽面Tv,误报,0.902,1.41,1.05,1.827,22.09,71.183,1053.057,421,0.805,1.509,,
385,南钢,2016/11/19,08:35:43,内弧宽面Tv,稳态,1.241,0.746,1.05,-0.353,23.5,28.335,287.463,237,0.398,0.087,,
386,南钢,2016/11/19,08:35:50,外弧宽面Tv,稳态,0.451,0,0,0.478,21.385,25.571,456.855,227,0.988,0.219,,
387,南钢,2016/11/19,08:54:46,外弧宽面Tv,稳态,0.451,-1.493,1.05,1.13,21.62,56.67,707.451,278,0.678,0.753,,
388,南钢,2016/11/19,08:54:54,外弧宽面Tv,误报,0.056,1.907,1.05,0.026,23.5,78.094,913.873,376,0.519,0.821,,
389,南钢,2016/11/19,08:54:57,外弧宽面Tv,稳态,0.056,0.912,1.05,0.341,23.5,117.487,1322.33,541,0.574,0.6,,
390,南钢,2016/11/19,08:55:07,外弧宽面Tv,稳态,0.508,1.327,1.05,0.384,22.56,40.084,527.34,240,0.423,0.35,,
391,南钢,2016/11/19,11:52:34,内弧宽面Tv,稳态,0.226,-1.907,1.05,-235.082,7.285,15.895,94.035,87,0.571,0.986,,
392,南钢,2016/11/19,11:52:39,内弧宽面Tv,稳态,0.056,-0.912,1.05,0.19,8.225,26.953,188.394,123,0.722,1.633,,
393,南钢,2016/11/19,11:52:59,外弧宽面Tv,误报,0.62,0.083,0.71,1.136,19.27,46.995,432.494,227,0.707,0.43,,
394,南钢,2016/11/19,12:50:24,内弧宽面Tv,误报,0.169,1.493,1.05,-59.235,9.165,21.424,161.759,114,0.786,1.327,,
395,南钢,2016/11/19,12:50:37,内弧宽面Tv,稳态,0.423,1.493,0.43,-151.687,9.165,18.66,141.62,110,0.8,0.709,,
396,南钢,2016/11/23,03:23:24,内弧宽面Tv,稳态,0.451,-0.833,0.9,0.64,11.75,14.577,123.157,120,0.362,0.295,,
397,南钢,2016/11/23,03:23:46,外弧宽面Tv,稳态,0.028,0.666,0.9,-0.105,2.115,18.047,28.709,53,0.37,0.307,,
398,南钢,2016/11/23,03:24:00,外弧宽面Tv,误报,0.649,-0.583,0.9,2.621,14.805,23.601,189.058,156,0.399,0.401,,
399,南钢,2016/11/24,13:38:38,内弧宽面Tv,稳态,0.141,0.103,0.75,-780.778,4.23,15.512,50.023,54,0.389,10.724,,
400,南钢,2016/11/24,13:38:59,外弧宽面Tv,稳态,0.169,-1.758,0.75,1.319,7.52,55.155,294.468,156,0.409,0.48,,
401,南钢,2016/11/24,13:39:05,外弧宽面Tv,稳态,0.056,0,0.75,-213.003,6.58,28.439,98.224,89,0.374,4.78,,
402,南钢,2016/11/24,13:39:20,外弧宽面Tv,误报,0.733,1.655,0.75,-12.864,20.21,77.562,656.985,276,0.542,0.361,,
403,南钢,2016/11/24,13:39:25,外弧宽面Tv,稳态,0.395,1.965,0.75,0.865,23.5,111.172,1867.262,405,0.64,1.066,,
404,南钢,2016/11/25,01:29:57,内弧宽面Tv,稳态,0.113,-0.517,0.75,-692.648,3.525,17.236,42.935,51,0.423,1.269,,
405,南钢,2016/11/25,01:30:12,外弧宽面Tv,误报,0.733,0.207,0.75,1.006,18.8,31.887,306.215,190,0.559,0.244,,
406,南钢,2016/11/25,01:30:22,内弧宽面Tv,稳态,0.338,-0.62,0.1,1.089,9.87,18.96,101.667,103,0.351,0.461,,
407,南钢,2016/11/25,01:52:43,外弧宽面Tv,稳态,0.085,0,0.75,-1407.565,3.995,15.512,45.568,52,0.376,3.71,,
408,南钢,2016/11/25,01:52:53,外弧宽面Tv,稳态,0.113,-0.724,0.75,0.45,4.23,17.236,51.441,56,0.431,2.283,,
409,南钢,2016/11/25,01:53:05,外弧宽面Tv,误报,1.41,1.034,0.75,1.278,23.5,44.814,515.016,258,0.501,0.393,,
410,南钢,2016/11/25,01:53:09,内弧宽面Tv,稳态,1.015,-1.241,0.75,0.517,19.035,25.854,195.232,174,0.343,0.11,,
411,南钢,2016/11/25,01:53:16,外弧宽面Tv,稳态,0.959,-0.724,0.75,0.928,21.62,59.464,483.827,266,0.613,0.281,,
412,南钢,2016/11/25,15:49:18,外弧宽面Tv,误报,1.043,0.206,0.75,-31.329,19.27,30.104,297.93,185,0.417,0.215,,
413,南钢,2016/11/25,15:49:26,外弧宽面Tv,稳态,1.579,1.755,0.75,-985.888,23.5,48.166,447.501,263,0.531,0.265,,
414,南钢,2016/11/26,18:54:01,内弧宽面Tv,稳态,0.226,1.499,0.8,1.771,8.93,95.79,613.499,333,0.522,0.124,,
415,南钢,2016/11/26,18:54:06,外弧宽面Tv,稳态,0.085,-1.083,0.8,1.098,7.755,193.663,961.763,582,0.467,0.104,,
416,南钢,2016/11/26,18:54:10,内弧宽面Tv,误报,0.451,1.333,0.31,-27.36,16.92,65.943,424.279,307,0.39,0.589,,
417,南钢,2016/11/26,21:38:05,内弧宽面Tv,稳态,0.141,2.416,0.75,-19.911,5.405,135.356,331.952,401,0.403,0.108,,
418,南钢,2016/11/26,21:38:10,外弧宽面Tv,稳态,0.085,-0.083,0.75,0.16,8.225,18.742,107.497,100,0.52,0.736,,
419,南钢,2016/11/26,21:38:13,内弧宽面Tv,误报,0.733,-1.249,0.75,1.856,21.15,38.871,460.492,231,0.669,0.404,,
420,南钢,2016/11/26,21:38:21,内弧宽面Tv,稳态,0.113,0.25,0.75,-741.096,3.76,7.636,18.76,41,0.305,0.775,,
421,南钢,2016/11/26,21:38:29,外弧宽面Tv,稳态,0.141,-0.167,0,-124.878,7.285,15.27,89.386,87,0.478,0.762,,
422,南钢,2016/11/28,02:55:59,内弧宽面Tv,误报,0.056,-0.5,0.9,0.319,23.5,56.919,964.373,304,0.665,0.77,,
423,南钢,2016/11/28,02:56:05,内弧宽面Tv,稳态,0.197,-1.583,0.9,-12.026,23.5,65.943,703.216,346,0.745,0.469,,
424,南钢,2016/11/28,12:18:51,内弧宽面Tv,误报,0.141,-1.413,0.9,-0.134,23.5,47.801,616.524,284,0.569,0.325,,
425,南钢,2016/11/29,00:49:12,外弧宽面Tv,误报,0.902,-0.223,0.7,1.365,20.68,29.724,376.321,203,0.487,0.183,,
426,南钢,2016/11/29,00:49:15,内弧宽面Tv,稳态,1.41,1.003,0.32,1.128,23.5,45.514,599.407,253,0.735,0.447,,
427,南钢,2016/11/29,10:35:48,内弧宽面Tv,误报,0.113,1.226,0.65,0.326,4.465,27.866,93.207,75,0.403,0.699,,
428,南钢,2016/11/30,16:21:36,外弧宽面Tv,稳态,0.169,0.334,0.7,0.94,4.935,15.791,62.211,61,0.39,1.064,,
429,南钢,2016/11/30,16:21:51,内弧宽面Tv,误报,0.338,-0.334,0.7,-242.208,14.57,30.653,190.998,147,0.37,0.191,,
430,南钢,2016/11/30,20:34:12,外弧宽面Tv,稳态,0.226,-0.334,0.7,1.444,5.875,22.293,81.202,72,0.472,1.554,,
431,南钢,2016/11/30,20:34:16,外弧宽面Tv,误报,0.649,-1.003,0.1,0.93,18.095,35.296,252.982,181,0.422,0.199,,
432,南钢,2016/11/30,21:09:08,内弧宽面Tv,误报,0.479,-0.223,0.7,0.465,15.98,19.506,198.42,153,0.428,0.141,,
433,南钢,2016/11/30,21:09:16,内弧宽面Tv,稳态,0.085,2.229,0.7,-470.437,3.055,26.937,58.282,63,0.384,0.402,,
434,南钢,2016/11/30,21:09:41,外弧宽面Tv,稳态,1.213,-0.446,0.7,2.689,23.5,15.791,247.097,204,0.359,0.164,,
435,南钢,2016/11/30,21:09:51,外弧宽面Tv,稳态,1.354,0,0.7,1.051,23.5,31.581,296.429,237,0.425,0.167,,
436,南钢,2016/11/30,21:09:54,内弧宽面Tv,稳态,0.874,3.01,0.36,1.686,16.92,78.025,674.497,247,0.397,0.439,,
437,南钢,2016/12/2,21:42:15,内弧宽面Tv,稳态,0.197,-0.103,0.75,-490.956,6.345,13.789,62.782,69,0.358,0.549,,
438,南钢,2016/12/2,21:42:32,内弧宽面Tv,误报,0.818,0.517,0.75,1.998,18.095,30.164,340.454,182,0.511,0.174,,
439,南钢,2016/12/3,21:52:31,外弧宽面Tv,稳态,1.1,-0.517,0.75,1.423,23.5,30.163,382.971,232,0.472,0.101,,
440,南钢,2016/12/3,21:52:47,外弧宽面Tv,稳态,0.479,-0.103,0.75,0.851,15.98,21.545,267.938,162,0.517,0.203,,
441,南钢,2016/12/3,21:52:53,外弧宽面Tv,误报,0.254,-2.999,0.75,0.921,23.5,63.773,979.401,446,0.459,3.299,,
442,南钢,2016/12/6,08:40:47,外弧宽面Tv,误报,0.028,0.416,0.6,-1.015,1.88,8.313,11.884,28,0.325,5.452,,
443,南钢,2016/12/6,08:40:53,内弧宽面Tv,稳态,0.028,2.078,0.6,-2922.637,1.645,4.157,5.372,18,0.314,12.489,,
444,南钢,2016/12/11,08:29:08,外弧宽面Tv,稳态,0.056,0,0.65,-226.315,9.4,24.151,164.804,106,0.715,0.705,,
445,南钢,2016/12/11,08:29:25,外弧宽面Tv,误报,0.169,-0.111,0.65,-62.897,8.695,21.364,153.017,100,0.521,0.533,,
446,南钢,2016/12/15,13:04:40,外弧宽面Tv,误报,0.282,-0.167,0.9,0.635,18.565,36.095,346.959,211,0.534,0.698,,
447,南钢,2016/12/15,13:33:17,左侧窄面Tv,稳态,0.141,-0.156,0.9,0.878,6.11,15.6,74.237,78,0.448,3.636,,
448,南钢,2016/12/15,13:33:25,外弧宽面Tv,误报,0.931,1.999,0.9,0.616,19.035,31.236,301.611,189,0.411,0.255,,
449,南钢,2016/12/15,13:33:52,外弧宽面Tv,稳态,0.338,1.249,0.9,1.817,8.225,31.236,182.859,121,0.462,1.278,,
450,南钢,2016/12/15,13:33:57,内弧宽面Tv,稳态,0.056,0.167,0.9,-517.106,3.29,14.577,34.582,52,0.383,0.894,,
451,南钢,2016/12/20,22:43:05,内弧宽面Tv,稳态,1.1,-0.916,0.9,-28.341,17.86,29.154,378.768,184,0.703,0.274,,
452,南钢,2016/12/20,22:43:09,内弧宽面Tv,误报,0.028,-1,0.9,-38.296,19.505,19.436,247.292,178,0.471,0.148,,
453,南钢,2016/12/20,22:43:11,外弧宽面Tv,稳态,1.297,-1.249,0.9,2.445,23.5,38.177,540.91,241,0.43,0.133,,
454,南钢,2016/12/20,22:43:19,内弧宽面Tv,稳态,0.056,0.083,0.9,0.537,2.35,19.436,31.972,57,0.331,0.301,,
455,南钢,2016/12/20,22:43:43,内弧宽面Tv,稳态,0.028,-2.332,0.9,-147.282,4.935,18.742,67.858,73,0.399,1.401,,
456,南钢,2016/12/20,22:43:49,外弧宽面Tv,稳态,0.085,-2.166,0.9,-1.388,7.05,19.436,98.199,88,0.531,1.672,,
457,南钢,2016/12/23,08:11:24,外弧宽面Tv,稳态,0.141,0.666,0.9,0.93,5.64,27.765,113.696,97,0.507,0.711,,
458,南钢,2016/12/23,08:11:38,外弧宽面Tv,稳态,0.451,-0.083,0.9,0.782,15.04,24.295,192.809,162,0.369,0.425,,
459,南钢,2016/12/23,08:11:55,外弧宽面Tv,误报,0.592,1.333,0.9,0.546,17.625,34.013,299.491,183,0.421,0.202,,
460,南钢,2016/12/23,08:35:06,外弧宽面Tv,稳态,0.141,0.083,0.9,-0.072,23.5,124.25,2414.522,504,0.761,0.31,,
461,南钢,2016/12/23,08:35:36,外弧宽面Tv,误报,0.056,0.833,0.9,-0.024,23.5,66.637,923.267,306,0.59,0.236,,
462,南钢,2016/12/23,08:35:55,外弧宽面Tv,稳态,0.028,0.416,0.9,-0.014,23.5,68.025,917.721,305,0.598,0.352,,
463,南钢,2017/1/24,15:10:08,外弧宽面Tv,误报,0.113,0,0.7,0.638,4.7,13.933,53.479,56,0.417,0.849,,
464,南钢,2017/1/24,15:52:57,外弧宽面Tv,稳态,0.254,-0.334,0.7,-0.054,23.5,32.51,635.86,248,0.742,0.114,,
465,南钢,2017/1/24,15:52:57,内弧宽面Tv,稳态,1.015,1.449,0.7,1.632,19.505,23.222,270.017,182,0.515,0.129,,
466,南钢,2017/1/24,15:53:01,外弧宽面Tv,误报,0.113,0.223,0.7,0.03,23.5,50.159,660.745,363,0.516,1.977,,
467,南钢,2017/1/24,15:53:06,内弧宽面Tv,稳态,0.282,-0.446,0.7,1.912,6.345,24.151,127.696,86,0.629,4.47,,
468,南钢,2017/1/24,15:53:19,内弧宽面Tv,稳态,0.649,0.111,0.7,0.259,17.155,11.146,167.424,156,0.391,0.092,,
469,南钢,2017/1/24,15:53:36,内弧宽面Tv,稳态,0.367,-0.111,0.7,0.545,19.975,33.439,506.636,208,0.763,0.19,,
470,南钢,2017/1/24,15:53:41,内弧宽面Tv,稳态,0.056,0.669,0.7,0.159,23.03,45.514,682.136,251,0.721,0.404,,
471,南钢,2017/1/24,15:58:46,内弧宽面Tv,稳态,0.226,-0.334,0.65,0.829,5.875,25.079,114.381,82,0.579,3.44,,
472,南钢,2017/1/24,15:59:12,外弧宽面Tv,漏钢,0.31,0.111,0.65,0.389,22.325,41.799,598.097,221,0.539,0.108,,
473,南钢,2017/1/25,03:50:30,外弧宽面Tv,误报,0.931,-2.564,0,-29.337,18.565,26.008,319.131,172,0.453,0.123,,
474,南钢,2017/1/25,03:50:33,内弧宽面Tv,稳态,0.705,-1.226,0,0.695,15.275,13.004,162.185,132,0.352,0.101,,
475,南钢,2017/1/25,03:50:58,内弧宽面Tv,稳态,1.438,0.78,0.4,2.141,23.5,24.151,408.627,222,0.512,0.171,,
476,南钢,2017/1/25,04:30:55,内弧宽面Tv,稳态,0.028,0.223,0.7,-0.293,3.29,13.004,30.778,40,0.355,1.811,,
477,南钢,2017/1/25,04:31:32,内弧宽面Tv,误报,0.395,0.111,0.7,-64.13,8.93,18.577,149.524,100,0.396,0.372,,
478,南钢,2017/1/25,19:27:11,内弧宽面Tv,稳态,0.085,-0.111,0.7,0.966,3.995,27.866,76.399,68,0.478,0.681,,
479,南钢,2017/1/25,19:27:23,内弧宽面Tv,误报,0.028,1.783,0.7,0.103,21.62,90.1,1522.529,325,0.608,2.751,,
480,南钢,2017/1/25,19:27:31,内弧宽面Tv,稳态,0.395,0.557,0.7,-0.331,23.5,88.242,1081.596,384,0.466,1.412,,
481,南钢,2017/1/25,19:32:12,外弧宽面Tv,稳态,0.197,-0.111,0.63,0.734,9.165,25.079,203.44,114,0.6,0.644,,
482,南钢,2017/1/25,19:32:24,外弧宽面Tv,漏钢,0.761,1.672,0.7,1.414,21.15,47.372,493.758,295,0.539,2.384,,
483,南钢,2017/1/27,17:25:35,外弧宽面Tv,误报,1.213,1.083,0.9,1.316,22.325,65.255,1215.534,335,0.876,3.577,,
484,南钢,2017/2/1,17:01:05,外弧宽面Tv,稳态,0.141,-0.222,0.4,1.313,4.23,19.468,50.978,56,0.401,7.063,,
485,南钢,2017/2/1,17:01:05,内弧宽面Tv,稳态,0.028,0.334,0.4,-0.387,2.82,38.008,76.031,83,0.436,0.251,,
486,南钢,2017/2/1,17:01:09,外弧宽面Tv,稳态,0.31,-0.222,0.4,0.495,10.105,12.978,76.248,98,0.338,0.22,,
487,南钢,2017/2/1,17:01:51,外弧宽面Tv,稳态,0.508,-0.222,0.6,1.056,16.685,27.812,277.554,170,0.418,0.324,,
488,南钢,2017/2/1,17:01:51,内弧宽面Tv,误报,0.931,1.335,0.6,1.84,20.445,27.812,400.21,195,0.475,0.161,,
489,南钢,2017/2/10,18:48:30,外弧宽面Tv,误报,0.367,0.112,0.6,0.496,15.51,23.291,236.449,155,0.635,0.256,,
490,南钢,2017/2/10,18:48:35,外弧宽面Tv,稳态,0.338,-0.559,0.6,0.648,20.915,36.334,538.796,215,0.759,0.24,,
491,南钢,2017/2/10,18:49:10,外弧宽面Tv,稳态,0.423,1.677,0.6,1.148,23.5,92.232,1608.069,494,0.731,1.263,,
492,南钢,2017/2/13,21:16:16,内弧宽面Tv,稳态,0.141,0,0.55,0.559,9.4,37.265,252.212,123,0.87,2.378,,
493,南钢,2017/2/13,21:16:23,内弧宽面Tv,误报,0.282,0.224,0.55,0.752,15.745,47.513,427.797,190,0.487,0.884,,
494,南钢,2017/2/15,08:45:24,外弧宽面Tv,稳态,0.592,0.447,0.6,1.185,13.16,13.043,136.396,121,0.332,0.095,,
495,南钢,2017/2/15,08:45:34,外弧宽面Tv,漏钢,1.156,0,0.6,2.45,23.5,30.744,498.074,246,0.523,0.166,,
496,南钢,2017/2/16,19:37:35,外弧宽面Tv,稳态,0.395,-0.671,0.6,0.357,14.1,10.248,114.502,120,0.391,0.104,,
497,南钢,2017/2/16,19:38:05,内弧宽面Tv,误报,0.395,-0.224,0.6,0.657,17.625,40.992,334.531,182,0.388,0.271,,
498,南钢,2017/2/18,09:30:53,内弧宽面Tv,漏钢,0.282,0.492,0.6,0.399,18.095,26.238,274.961,180,0.433,0.187,,
499,南钢,2017/2/21,00:01:30,外弧宽面Tv,误报,0.649,-0.583,0.58,1.832,16.92,29.819,266.773,185,0.426,0.519,,
500,南钢,2017/2/21,00:01:37,内弧宽面Tv,稳态,0.056,-1.415,0.64,1.58,2.82,54.784,93.705,157,0.338,0.123,,
501,南钢,2017/2/21,00:01:48,内弧宽面Tv,稳态,0.226,-0.499,0.7,0.322,16.92,95.698,668.481,483,0.376,0.754,,
502,南钢,2017/2/22,06:21:06,外弧宽面Tv,误报,0.169,0.229,0.9,0.957,4.7,12.09,47.254,62,0.412,2.042,,
503,南钢,2017/2/22,20:12:51,内弧宽面Tv,漏钢,0.649,-0.5,0.8,0.891,23.5,66.637,839.749,345,0.696,1.768,,
504,南钢,2017/2/23,05:31:12,内弧宽面Tv,稳态,0.028,0.333,0.9,-9.592,23.5,55.531,874.493,325,0.38,1.431,,
505,南钢,2017/2/23,05:31:50,外弧宽面Tv,误报,0.141,-1.083,0.9,0.187,23.5,82.602,1525.184,486,0.796,3.419,,
506,南钢,2017/2/28,18:52:36,外弧宽面Tv,误报,0.846,-1.783,0.7,0.523,18.33,32.51,242.077,175,0.398,0.163,,
507,南钢,2017/2/28,18:52:42,外弧宽面Tv,稳态,0.113,2.341,0.7,-173.368,4.935,16.72,56.535,60,0.389,1.461,,
508,南钢,2017/2/28,19:33:15,外弧宽面Tv,稳态,0.705,3.232,0.7,-82.804,14.805,11.146,118.31,129,0.334,0.1,,
509,南钢,2017/2/28,19:33:42,外弧宽面Tv,误报,1.184,-0.892,0.7,-23.173,21.62,32.51,465.817,201,0.591,0.16,,
510,南钢,2017/3/1,02:14:28,外弧宽面Tv,误报,1.325,1.56,0.7,-133.505,23.5,37.155,467.564,234,0.482,0.198,,
511,南钢,2017/3/1,02:14:51,右侧窄面Tv,稳态,0.902,0.702,0.7,-93.253,17.155,14.3,107.842,148,0.323,0.193,,
512,南钢,2017/3/1,06:22:46,外弧宽面Tv,稳态,0.874,-2.118,0.7,-60.87,20.21,20.435,330.918,193,0.471,0.114,,
513,南钢,2017/3/1,06:22:56,外弧宽面Tv,误报,0.902,-0.892,0.7,1.71,19.035,26.937,261.286,175,0.402,0.127,,
514,南钢,2017/3/1,06:23:04,外弧宽面Tv,稳态,0.677,-0.892,0.7,0.849,21.15,22.293,316.511,192,0.494,0.102,,
515,南钢,2017/3/2,05:03:41,右侧窄面Tv,漏钢,1.325,-1.248,0.7,1.811,23.5,26,424.798,273,0.688,0.658,,
516,南钢,2017/3/2,05:03:45,内弧宽面Tv,稳态,0.056,0,0.7,-0.507,8.695,7.416,50.324,80,0.32,0.128,,
517,南钢,2017/3/2,13:27:57,外弧宽面Tv,误报,0.085,0,0.65,0.84,3.525,10.197,27.014,41,0.343,0.792,,
518,南钢,2017/3/5,04:00:15,外弧宽面Tv,稳态,0.056,2.006,0.6,-993.687,2.585,9.289,15.935,30,0.325,9.499,,
519,南钢,2017/3/5,04:00:36,外弧宽面Tv,稳态,0.113,-0.446,0.6,-68.055,5.64,27.866,116.345,82,0.522,1.084,,
520,南钢,2017/3/5,04:00:43,外弧宽面Tv,误报,0.62,1.226,0.6,1.601,14.335,29.724,219.375,149,0.405,0.293,,
521,南钢,2017/3/5,07:36:42,外弧宽面Tv,稳态,0.028,-2.452,0.7,0.053,2.115,21.364,33.834,49,0.337,0.332,,
522,南钢,2017/3/5,07:36:59,外弧宽面Tv,稳态,0.197,-1.672,0.7,-0.247,6.11,16.72,60.901,69,0.353,0.679,,
523,南钢,2017/3/5,07:37:17,外弧宽面Tv,误报,0.931,2.341,0.7,-32.325,19.74,36.226,450.974,191,0.431,0.169,,
524,南钢,2017/3/5,09:34:49,外弧宽面Tv,稳态,0.056,0.223,0.7,-32.438,7.05,18.577,98.664,80,0.566,0.727,,
525,南钢,2017/3/5,09:34:54,外弧宽面Tv,误报,0.564,-0.111,0.7,0.639,17.86,18.577,204.532,170,0.488,0.124,,
526,南钢,2017/3/5,12:38:29,外弧宽面Tv,稳态,0.056,1.672,0.7,-3.847,3.76,13.933,39.509,47,0.371,2.45,,
527,南钢,2017/3/5,12:38:36,外弧宽面Tv,误报,1.043,0.446,0.7,1.876,18.33,32.51,368.681,173,0.408,0.25,,
528,南钢,2017/3/5,13:19:43,外弧宽面Tv,稳态,0.451,0.892,0.7,1.521,11.75,29.724,221.558,130,0.52,0.689,,
529,南钢,2017/3/5,13:20:18,内弧宽面Tv,误报,0.423,0.446,0.7,0.777,16.45,42.728,382.651,192,0.439,0.671,,
530,南钢,2017/3/5,15:26:49,外弧宽面Tv,误报,0.451,-0.111,0.7,-47.446,23.5,31.581,206.496,223,0.348,0.111,,
531,南钢,2017/3/5,15:51:43,外弧宽面Tv,稳态,0.141,0.446,0.7,0.269,23.5,30.653,495.722,232,0.526,0.161,,
532,南钢,2017/3/5,15:51:45,外弧宽面Tv,误报,0.254,0.892,0.7,-0.61,21.855,18.577,277.875,190,0.339,0.155,,
533,南钢,2017/3/6,09:20:21,外弧宽面Tv,稳态,0.282,-0.111,0.7,1.005,10.575,27.866,168.297,118,0.49,0.739,,
534,南钢,2017/3/6,09:20:31,外弧宽面Tv,误报,0.056,0.223,0.7,0.361,20.68,66.878,842.138,280,0.571,0.885,,
535,南钢,2017/3/8,09:47:42,外弧宽面Tv,误报,0.085,0,0.9,0.836,3.055,12.47,27.35,45,0.349,1.362,,
536,南钢,2017/3/8,11:00:27,内弧宽面Tv,误报,0.056,-0.083,0.9,-0.19,4.7,11.778,40.865,58,0.323,0.938,,
537,南钢,2017/3/8,14:33:58,外弧宽面Tv,稳态,0.085,0.334,0.7,-2895.951,2.115,14.862,23.575,36,0.34,0.623,,
538,南钢,2017/3/8,14:34:26,内弧宽面Tv,误报,0.056,-2.564,0.7,-349.662,2.35,17.648,28.377,41,0.339,0.623,,
539,南钢,2017/3/13,09:09:33,外弧宽面Tv,稳态,0.169,2.249,0.7,-438.439,5.17,14.578,53.669,66,0.412,1.925,,
540,南钢,2017/3/13,09:09:45,外弧宽面Tv,稳态,0.056,-1.666,0.7,-0.121,8.225,18.741,119.236,100,0.585,1.071,,
541,南钢,2017/3/13,09:10:01,外弧宽面Tv,误报,0.056,2.332,0.7,-574.379,6.815,13.189,66.067,77,0.448,0.654,,
542,南钢,2017/3/13,10:23:06,外弧宽面Tv,误报,0.282,-1.832,0.7,-0.251,15.51,29.152,149.901,167,0.336,0.309,,
543,南钢,2017/3/13,10:23:13,内弧宽面Tv,稳态,0.056,-1.083,0.7,-3062.982,1.88,3.471,4.731,18,0.335,3.631,,
544,南钢,2017/3/13,10:23:26,外弧宽面Tv,稳态,0.113,-1.166,0.7,-0.099,3.29,8.329,19.737,39,0.352,1.162,,
545,南钢,2017/3/15,04:25:50,内弧宽面Tv,稳态,0.141,-1.006,0.6,0.937,6.11,27.949,137.709,90,0.527,2.362,,
546,南钢,2017/3/15,04:25:57,内弧宽面Tv,误报,0.31,0.335,0.6,0.607,14.805,30.744,268.194,154,0.557,0.409,,
547,南钢,2017/3/15,04:26:11,内弧宽面Tv,稳态,0.254,-0.112,0.6,0.039,23.5,26.086,415.536,221,0.551,0.146,,
548,南钢,2017/3/17,12:48:51,外弧宽面Tv,稳态,0.141,-0.666,0.9,0.586,4.465,33.318,100.972,99,0.461,0.42,,
549,南钢,2017/3/17,12:48:58,外弧宽面Tv,误报,1.043,2.249,0.9,2.271,21.385,77.743,1223.247,389,0.566,0.887,,
550,南钢,2017/3/17,23:47:41,内弧宽面Tv,误报,0.085,1.583,0.9,-118.422,4.23,23.601,68.348,78,0.384,0.656,,
551,南钢,2017/3/17,23:47:50,内弧宽面Tv,稳态,0.085,-1.166,0.9,0.207,5.64,22.906,76.993,81,0.372,1.849,,
552,南钢,2017/3/18,21:00:14,内弧宽面Tv,误报,1.043,-2.118,0.7,0.197,23.5,78.954,968.306,405,0.479,1.136,,
553,南钢,2017/3/18,21:00:23,内弧宽面Tv,稳态,1.325,0.892,0.7,0.916,23.5,26.008,421.942,227,0.419,0.107,,
554,南钢,2017/3/19,05:47:42,内弧宽面Tv,稳态,0.056,1.338,0.7,-0.785,1.88,5.573,8.295,19,0.334,10.421,,
555,南钢,2017/3/19,05:48:01,内弧宽面Tv,误报,0.282,-2.898,0.7,-420.964,17.86,29.724,184.231,179,0.426,0.181,,
556,南钢,2017/3/19,05:48:20,外弧宽面Tv,稳态,0.649,-0.223,0.7,0.887,15.51,18.577,216.974,144,0.377,0.079,,
557,南钢,2017/3/19,07:17:32,内弧宽面Tv,稳态,1.325,2.006,0.7,-895.307,23.5,37.155,338.558,221,0.384,0.106,,
558,南钢,2017/3/19,07:17:47,内弧宽面Tv,误报,0.902,0.892,0.7,-35.161,18.33,29.724,270.017,174,0.518,0.21,,
559,南钢,2017/3/19,07:17:58,内弧宽面Tv,稳态,0.79,-1.449,0.7,-43.314,16.685,26.008,220.685,164,0.393,0.185,,
560,南钢,2017/4/2,06:31:54,外弧宽面Tv,误报,0.338,-0.833,0.9,1.315,12.455,31.236,231.306,158,0.445,0.857,,
561,南钢,2017/4/2,06:32:08,外弧宽面Tv,稳态,0.367,0.083,0.9,0.012,23.5,27.071,504.208,229,0.544,0.119,,
562,南钢,2017/4/2,06:32:16,外弧宽面Tv,稳态,0.761,-1.416,0.9,-11.61,22.09,65.943,565.379,328,0.619,1.72,,
563,南钢,2017/4/18,23:40:03,内弧宽面Tv,稳态,0.705,0.668,0.9,0.92,23.5,49.43,770.589,300,0.924,0.589,,
564,南钢,2017/4/18,23:40:12,内弧宽面Tv,稳态,0.282,1.504,0.9,-25.894,23.5,40.38,360.917,259,0.443,0.234,,
565,南钢,2017/4/18,23:40:46,内弧宽面Tv,误报,0.367,2.172,0.9,-5.544,23.5,90.506,1375.608,378,0.75,0.619,,
566,南钢,2017/4/29,07:12:15,外弧宽面Tv,稳态,0.226,2.124,0.7,-221.902,5.405,10.248,44.663,56,0.446,0.319,,
567,南钢,2017/4/29,07:12:29,外弧宽面Tv,稳态,0.705,1.23,0.7,-31.295,19.74,30.744,305.194,183,0.529,0.165,,
568,南钢,2017/4/29,07:12:46,外弧宽面Tv,误报,1.241,-1.677,0.7,-278.768,23.5,48.445,662.932,280,0.639,0.395,,
569,南钢,2017/5/11,04:02:33,内弧宽面Tv,稳态,0.028,0.414,0.6,0.194,3.055,17.237,39.291,49,0.345,0.888,,
570,南钢,2017/5/11,04:02:49,外弧宽面Tv,误报,0.62,2.999,0.6,-1.162,14.805,14.651,133.468,138,0.333,0.131,,
571,南钢,2017/5/12,19:07:46,外弧宽面Tv,误报,1.241,-2.411,0.7,-25.558,19.74,30.482,362.882,200,0.595,0.36,,
572,南钢,2017/5/12,19:07:56,右侧窄面Tv,稳态,0.085,0,0.7,0.401,3.29,10.833,24.675,39,0.342,3.124,,
573,南钢,2017/5/12,19:08:05,外弧宽面Tv,稳态,1.1,1.663,0.7,-7.558,20.445,49.879,777.208,252,0.728,0.438,,
574,南钢,2017/5/16,07:49:19,外弧宽面Tv,稳态,0.113,1.744,0.6,0.454,3.995,14.537,41.596,52,0.334,3.54,,
575,南钢,2017/5/16,07:49:22,外弧宽面Tv,误报,0.959,1.642,0.6,-42.411,17.86,19.667,223.455,160,0.378,0.127,,
576,南钢,2017/5/16,07:49:24,内弧宽面Tv,稳态,0.085,-2.155,0.6,-6.805,7.285,14.537,71.337,77,0.427,0.459,,
577,南钢,2017/5/16,07:49:46,外弧宽面Tv,稳态,0.705,0.616,0.6,0.952,16.685,27.363,234.708,168,0.56,0.205,,
578,南钢,2017/5/21,05:41:41,外弧宽面Tv,误报,0.62,-1.342,0.7,1.124,15.04,25.154,192.443,147,0.406,0.197,,
579,南钢,2017/5/21,05:41:41,内弧宽面Tv,稳态,0.705,1.901,0.7,-0.138,15.745,36.334,242.141,160,0.359,0.252,,
580,南钢,2017/5/29,02:00:47,外弧宽面Tv,误报,0.649,-3.019,0.7,-49.685,16.215,27.018,180.627,156,0.392,0.149,,
581,南钢,2017/5/29,02:00:56,外弧宽面Tv,稳态,0.282,3.018,0.7,-245.09,6.815,15.838,83.633,74,0.389,0.544,,
582,南钢,2017/5/29,02:01:22,外弧宽面Tv,稳态,0.395,-2.683,0.7,-25.219,17.625,25.154,273.229,171,0.44,0.183,,
583,南钢,2017/5/29,03:23:39,外弧宽面Tv,稳态,0.113,0.112,0.7,0.119,4.935,10.248,41.816,52,0.405,0.395,,
584,南钢,2017/5/29,03:24:08,内弧宽面Tv,误报,1.1,-0.671,0.7,2.46,19.035,23.291,280.673,175,0.439,0.136,,
585,南钢,2017/5/29,03:24:13,外弧宽面Tv,稳态,0.987,3.242,0.7,1.59,18.565,20.496,296.217,171,0.454,0.079,,
586,南钢,2017/5/29,03:47:33,外弧宽面Tv,稳态,0.085,0.783,0.7,-0.014,4.23,10.248,36.343,47,0.416,0.503,,
587,南钢,2017/5/29,03:47:37,内弧宽面Tv,稳态,0.479,-0.224,0.7,-574.892,10.105,8.385,74,91,0.321,0.097,,
588,南钢,2017/5/29,03:48:25,外弧宽面Tv,误报,0.254,1.118,0.31,1.148,7.99,15.837,73.559,83,0.365,0.415,,
589,南钢,2017/5/29,04:40:01,外弧宽面Tv,误报,1.043,2.348,0.7,-892.697,20.915,35.402,362.773,207,0.568,0.219,,
590,南钢,2017/5/29,04:40:25,外弧宽面Tv,稳态,0.169,-1.789,0.7,1.127,5.64,28.881,109.467,80,0.428,1.45,,
591,南钢,2017/5/29,04:58:37,外弧宽面Tv,稳态,0.197,0.335,0.7,0.583,6.58,15.838,76.408,72,0.488,0.519,,
592,南钢,2017/5/29,04:58:53,外弧宽面Tv,误报,0.818,1.23,0.7,-67.941,16.92,35.402,265.348,172,0.375,0.302,,
593,南钢,2017/6/11,04:50:48,外弧宽面Tv,稳态,0.141,-0.447,0.7,0.455,8.93,27.017,194.413,109,0.472,1.074,,
594,南钢,2017/6/11,04:51:15,外弧宽面Tv,误报,0.056,-0.112,0.7,0.472,23.5,48.445,861.943,255,0.722,0.184,,
595,南钢,2017/6/11,04:51:28,外弧宽面Tv,稳态,0.141,-0.447,0.7,0.18,23.5,54.035,787.943,271,0.447,0.352,,
596,南钢,2017/6/11,11:19:49,外弧宽面Tv,误报,0.169,-0.224,0.7,0.18,19.74,111.796,898.942,375,0.571,2.239,,
597,南钢,2017/6/11,11:19:56,外弧宽面Tv,稳态,0.367,-3.242,0.7,0.527,21.855,74.531,1281.201,300,0.645,0.863,,
598,南钢,2017/6/11,11:20:14,外弧宽面Tv,稳态,0.141,3.018,0.7,-1.831,5.17,22.359,80.349,69,0.411,2.051,,
599,南钢,2017/6/24,01:35:04,外弧宽面Tv,漏钢,0.395,1.226,0.75,0.64,21.855,53.874,573.868,243,0.637,0.613,,
600,南钢,2017/6/24,01:35:25,外弧宽面Tv,稳态,0.028,0.334,0.75,0.187,1.645,19.506,21.174,42,0.337,0.285,,
601,南钢,2017/6/26,13:34:45,外弧宽面Tv,稳态,0.395,0.223,0.75,1.556,9.87,20.435,164.149,106,0.369,0.403,,
602,南钢,2017/6/26,13:35:00,外弧宽面Tv,误报,0.31,-0.111,0.75,0.392,20.68,26.937,414.521,188,0.452,0.189,,
603,南钢,2017/6/26,13:35:10,外弧宽面Tv,稳态,0.226,0.334,0.75,0.047,23.5,48.301,635.424,247,0.484,0.244,,
604,南钢,2017/6/27,23:12:48,外弧宽面Tv,漏钢,0.902,-1.241,0.8,1.285,23.5,68.082,907.911,287,0.765,0.5,,
605,南钢,2017/7/1,18:04:13,内弧宽面Tv,误报,0.564,1.915,0.9,-36.804,16.45,32.616,273,171,0.428,0.229,,
606,南钢,2017/7/1,18:04:19,内弧宽面Tv,稳态,0.705,0.083,0.9,1.102,17.625,20.126,301.227,171,0.485,0.061,,
607,南钢,2017/7/1,18:04:28,内弧宽面Tv,稳态,0.677,0,0.9,-0.03,23.5,20.82,305.141,247,0.429,0.147,,
608,南钢,2017/7/4,19:41:53,内弧宽面Tv,稳态,0.254,0,0.85,0.787,7.05,19.494,102.909,90,0.488,4.13,,
609,南钢,2017/7/4,19:41:58,内弧宽面Tv,误报,0.959,0,0.85,1.117,23.5,23.671,461.535,234,0.739,0.12,,
610,南钢,2017/7/7,14:01:24,外弧宽面Tv,误报,0.395,-0.168,0.85,0.528,20.68,32.819,452.403,214,0.743,0.25,,
611,南钢,2017/7/7,14:01:30,外弧宽面Tv,稳态,1.241,-2.43,0.85,-2.098,23.5,154.317,2721.313,656,0.647,0.307,,
612,南钢,2017/7/7,14:01:38,内弧宽面Tv,稳态,0.931,-0.084,0.85,1.788,19.27,18.853,319.817,192,0.514,0.155,,
613,南钢,2017/7/8,14:54:35,外弧宽面Tv,稳态,0.056,1.749,0.85,0.859,7.05,59.698,224.466,210,0.468,0.274,,
614,南钢,2017/7/8,14:54:42,外弧宽面Tv,误报,0.451,1.416,0.85,0.51,19.975,68.028,577.151,299,0.512,0.739,,
615,南钢,2017/7/8,14:54:56,内弧宽面Tv,稳态,0.085,0.25,0.85,0.733,3.76,18.742,52.038,65,0.475,0.727,,
616,南钢,2017/7/8,14:55:10,内弧宽面Tv,稳态,0.677,1.499,0.85,0.356,23.5,69.413,771.89,380,0.539,1.072,,
617,南钢,2017/7/9,07:42:53,内弧宽面Tv,误报,0.423,1.749,0.85,-72.107,11.75,20.13,138.001,128,0.417,0.511,,
618,南钢,2017/7/9,13:28:44,内弧宽面Tv,稳态,0.226,-1.416,0.9,2.041,7.99,48.589,261.973,174,0.525,0.318,,
619,南钢,2017/7/9,13:28:49,内弧宽面Tv,误报,0.733,0.083,0.9,1.098,21.62,63.86,925.714,374,0.64,2.264,,
620,南钢,2017/7/9,13:28:57,内弧宽面Tv,稳态,0.197,0.583,0.11,0.153,23.5,63.857,1350.254,328,0.83,0.684,,
621,南钢,2017/7/9,16:44:08,内弧宽面Tv,误报,0.846,-0.666,0.9,1.421,20.21,33.318,499.641,214,0.643,0.332,,
622,南钢,2017/7/11,04:22:02,内弧宽面Tv,稳态,0.254,1.499,0.8,-108.148,5.64,18.742,90.21,84,0.352,1.46,,
623,南钢,2017/7/11,04:22:03,内弧宽面Tv,误报,1.297,-0.25,0.8,-1.629,23.5,37.483,386.761,249,0.386,0.128,,
624,南钢,2017/7/11,04:22:29,内弧宽面Tv,稳态,0.451,0.5,0.8,0.538,23.5,51.366,1015.757,310,0.804,1.135,,
625,南钢,2017/7/12,11:42:03,内弧宽面Tv,稳态,0.028,0.5,0.7,-0.43,1.88,13.189,17.454,38,0.339,0.446,,
626,南钢,2017/7/12,11:42:11,内弧宽面Tv,误报,0.874,-1.416,0.7,0.854,21.855,76.355,809.082,344,0.829,0.902,,
627,南钢,2017/7/12,11:42:14,外弧宽面Tv,稳态,1.41,-2.082,0.7,-202.809,23.5,32.624,525.577,268,0.458,0.332,,
628,南钢,2017/7/12,16:32:23,外弧宽面Tv,稳态,0.113,1.083,0.85,0.88,3.055,13.88,29.682,47,0.358,0.938,,
629,南钢,2017/7/12,16:32:25,内弧宽面Tv,误报,0.226,-0.916,0.85,-250.412,6.815,38.17,153.631,129,0.453,0.542,,
630,南钢,2017/8/5,22:18:00,内弧宽面Tv,稳态,0.056,-0.833,0.9,0.791,5.64,36.789,114.022,115,0.407,0.534,,
631,南钢,2017/8/5,22:18:08,内弧宽面Tv,稳态,0.902,0.916,0.9,1.056,23.5,51.366,815.444,291,0.725,0.692,,
632,南钢,2017/8/5,22:18:30,外弧宽面Tv,漏钢,0.818,1.083,0.8,1.169,20.21,38.177,332.278,222,0.593,0.232,,
633,南钢,2017/8/5,22:18:44,内弧宽面Tv,稳态,0.085,-1.833,0.8,1.093,6.11,84.684,383.824,254,0.693,0.132,,
634,南钢,2018/1/11,06:47:12,内弧宽面Tv,稳态,0.056,0.83,0.7,0.598,5.17,25.931,100.141,79,0.4,1.128,,
635,南钢,2018/1/11,06:47:22,内弧宽面Tv,漏钢,1.128,1.971,0.7,1.462,19.74,40.625,387.768,204,0.488,0.346,,
636,南钢,2018/1/20,15:55:16,外弧宽面Tv,稳态,0.226,1.253,0.44,1.419,5.17,22.975,82.949,81,0.452,0.904,,
637,南钢,2018/1/20,15:55:21,外弧宽面Tv,误报,1.269,0.501,0.48,1.035,23.5,48.734,807.728,301,0.714,1.025,,
638,南钢,2018/1/20,15:55:32,外弧宽面Tv,稳态,1.043,-0.585,0.57,0.388,21.15,32.025,378.914,208,0.623,0.196,,
639,南钢,2018/1/20,15:55:44,内弧宽面Tv,稳态,0.451,-2.256,0.67,-17.684,13.865,82.848,473.315,303,0.486,0.511,,
640,南钢,2018/1/30,10:34:50,内弧宽面Tv,稳态,0.282,-0.084,0.65,1.388,8.93,25.138,166.39,115,0.573,3.922,,
641,南钢,2018/1/30,10:35:00,内弧宽面Tv,误报,0.028,0.838,0.7,0.344,14.57,43.293,413.185,187,0.52,2.903,,
642,南钢,2018/2/3,22:53:45,外弧宽面Tv,误报,0.028,0.312,0.7,0.32,2.82,23.407,53.988,62,0.358,0.359,,
643,南钢,2018/2/3,22:53:59,外弧宽面Tv,稳态,0.028,1.977,0.7,-317.288,2.115,13.871,20.169,35,0.374,0.631,,
644,南钢,2018/3/12,02:44:41,内弧宽面Tv,稳态,0.085,0,0.7,0.042,23.5,49.368,705.651,279,0.613,0.431,,
645,南钢,2018/3/12,02:45:26,外弧宽面Tv,漏钢,1.072,2.598,0.7,0.212,23.5,42.441,497.862,234,0.475,0.231,,
646,南钢,2018/3/14,11:16:36,外弧宽面Tv,稳态,0.62,0.086,0.65,1.821,12.22,8.597,90.238,117,0.371,0.108,,
647,南钢,2018/3/14,11:17:27,外弧宽面Tv,稳态,0.113,-0.344,0.1,0.614,5.405,21.492,85.187,80,0.442,1.225,,
648,南钢,2018/3/14,11:17:27,内弧宽面Tv,漏钢,0.31,0.516,0.1,0.02,23.5,67.342,1255.079,301,0.756,2.051,,
649,南钢,2018/3/17,11:04:37,内弧宽面Tv,漏钢,0.31,0,0.6,0.52,8.46,22.36,140.123,96,0.526,0.742,,
650,南钢,2018/3/20,23:56:33,外弧宽面Tv,稳态,0.169,0,0.27,1.977,4.935,25.785,86.963,85,0.485,0.684,,
651,南钢,2018/3/20,23:56:43,外弧宽面Tv,误报,0.479,-0.418,0.35,2.046,11.985,18.12,111.698,122,0.358,0.322,,
652,南钢,2018/3/20,23:56:46,内弧宽面Tv,稳态,0.395,0.753,0.37,1.988,10.81,37.634,254.022,147,0.483,2.927,,
653,南钢,2018/3/20,23:57:18,外弧宽面Tv,稳态,0.028,-0.585,0.4,-0.084,23.5,209.08,2663.38,887,0.533,0.451,,
654,南钢,2018/3/28,19:16:33,外弧宽面Tv,误报,1.128,-1.416,0,1.649,23.5,89.543,1682.923,493,1.737,2.922,,
655,南钢,2018/4/9,19:38:23,右侧窄面Tv,漏钢,0.874,-0.078,0.8,0.861,22.56,24.7,465.429,225,1.475,0.107,,
656,南钢,2018/4/9,19:51:22,外弧宽面Tv,稳态,0.141,-1.751,0.8,-118.103,8.225,11.812,82.786,88,0.765,0.33,,
657,南钢,2018/4/9,19:51:44,右侧窄面Tv,漏钢,0.874,0.078,0.8,0.769,22.795,24.05,468.332,227,1.557,0.119,,
658,南钢,2018/4/9,20:04:42,右侧窄面Tv,漏钢,0.62,0.156,0.7,0.297,19.035,18.85,270.673,180,0.556,0.146,,
659,南钢,2018/4/9,20:10:58,右侧窄面Tv,漏钢,0.592,-0.078,0.7,0.28,21.62,22.1,373.321,205,0.946,0.201,,
660,南钢,2018/4/9,20:13:33,内弧宽面Tv,稳态,0.028,0,0.55,-434.954,4.23,6.948,22.86,46,0.328,0.404,,
661,南钢,2018/4/9,20:14:26,右侧窄面Tv,漏钢,0.874,-0.468,0.55,0.624,21.855,23.4,332.079,213,0.808,0.229,,
662,南钢,2018/11/9,20:37:28,内弧宽面Tv,稳态,0.367,-0.313,0.7,0.809,12.455,31.273,232.725,141,0.476,0.806,,
663,南钢,2018/11/9,20:37:48,内弧宽面Tv,漏钢,0.197,-2.293,0.7,1.614,8.93,65.15,363.567,219,0.442,0.421,,
664,南钢,2018/11/10,06:46:27,外弧宽面Tv,稳态,0.113,1.564,0.75,-47.891,16.92,19.979,242.31,159,0.419,0.113,,
665,南钢,2018/11/10,06:46:38,外弧宽面Tv,稳态,1.184,1.564,0.75,-0.028,23.5,25.191,464.003,236,0.533,0.066,,
666,南钢,2018/11/10,06:47:20,外弧宽面Tv,误报,0.451,-0.208,0.75,0.543,23.5,31.272,524.835,241,0.926,0.144,,
667,南钢,2018/11/20,17:10:50,内弧宽面Tv,误报,1.241,1.008,0.9,-2336.213,21.15,28.686,426.181,213,0.566,0.113,,
668,南钢,2018/11/20,17:10:53,外弧宽面Tv,稳态,0.338,1.763,0.9,-110.214,8.225,14.693,89.117,91,0.409,0.55,,
669,南钢,2018/11/20,17:11:20,内弧宽面Tv,稳态,0.282,2.099,0.9,-55.811,6.58,32.884,165.079,118,0.488,0.617,,
670,南钢,2018/11/22,01:37:15,外弧宽面Tv,误报,0.395,0.504,0.22,0.76,23.5,59.472,810.928,336,0.405,1.195,,
671,南钢,2018/11/22,01:37:30,外弧宽面Tv,稳态,0.056,-1.511,0.35,-1785.336,2.115,20.29,31.898,58,0.367,0.262,,
672,南钢,2018/11/22,01:37:40,内弧宽面Tv,稳态,0.338,-0.42,0.4,2.388,7.05,22.39,124.473,98,0.67,4.57,,
673,南钢,2018/11/23,02:50:32,内弧宽面Tv,稳态,0.085,1.007,0,-0.779,23.5,31.483,392.291,246,0.46,0.135,,
674,南钢,2018/11/23,02:50:39,外弧宽面Tv,稳态,0.113,1.679,0,-131.002,5.17,25.187,75.63,80,0.399,0.925,,
675,南钢,2018/11/23,02:51:04,外弧宽面Tv,误报,0.085,-1.175,0.2,-54.152,5.64,75.564,307.14,232,0.443,0.09,,
676,南钢,2018/11/24,00:03:02,内弧宽面Tv,稳态,0.141,2.267,0.95,-236.111,4.465,12.594,41.928,57,0.432,1.894,,
677,南钢,2018/11/24,00:03:27,外弧宽面Tv,误报,0.564,1.679,0.95,1.123,19.035,51.775,423.55,249,0.45,1.716,,
678,南钢,2018/11/24,00:03:32,内弧宽面Tv,稳态,0.141,-2.099,0.95,-270.66,7.99,21.69,127.262,102,0.597,2.333,,
679,南钢,2018/11/24,08:10:22,内弧宽面Tv,稳态,0.254,0.252,0,0.384,23.5,87.458,1750.762,399,1.687,0.726,,
680,南钢,2018/11/24,08:10:48,外弧宽面Tv,误报,0.338,-1.847,0,-113.179,8.46,29.386,189.907,122,0.769,2.237,,
681,南钢,2018/11/24,08:10:48,内弧宽面Tv,稳态,0.423,-2.183,0,-12.988,9.165,43.379,319.471,163,1.012,0.698,,
682,南钢,2018/11/26,23:40:42,内弧宽面Tv,稳态,0.197,-0.252,0.9,-397.497,5.17,13.294,50.806,63,0.383,1.87,,
683,南钢,2018/11/26,23:41:06,内弧宽面Tv,漏钢,0.169,-0.252,0.9,0.355,23.5,55.973,979.295,303,0.769,0.834,,
684,南钢,2019/3/30,18:46:49,外弧宽面Tv,稳态,0.085,2.916,0.1,0.398,11.985,260.34,2706.599,679,1.666,0.064,,
685,南钢,2019/3/30,18:47:06,内弧宽面Tv,误报,0.649,1.77,0.2,0.882,23.5,52.068,615.266,299,0.411,0.713,,
686,南钢,2019/4/14,14:30:05,内弧宽面Tv,稳态,0.085,-1.107,0.6,-32.957,16.92,17.836,260.737,170,0.456,0.127,,
687,南钢,2019/4/14,14:30:07,外弧宽面Tv,误报,0.592,1.107,0.62,-34.393,20.915,28.907,266.952,227,0.58,0.378,,
688,南钢,2019/4/14,14:30:35,外弧宽面Tv,稳态,0.197,0.148,0.65,0.196,6.345,23.37,112.874,101,0.704,0.984,,
689,南钢,2019/4/14,14:30:58,内弧宽面Tv,误报,0.846,-1.328,0.67,-2.817,23.5,141.45,2089.542,764,0.536,0.474,,
690,南钢,2019/4/14,14:31:08,右侧窄面Tv,稳态,0.846,-0.624,0.7,0.999,21.385,19.5,206.06,204,0.567,0.163,,
691,南钢,2019/4/14,14:32:18,内弧宽面Tv,稳态,0.056,0,0.7,0.046,7.52,11.685,49.572,80,0.58,0.53,,
692,南钢,2019/4/14,14:32:25,外弧宽面Tv,稳态,0.451,-0.074,0.7,0.874,14.805,32.595,405.971,193,0.834,0.725,,
693,南钢,2019/4/14,14:33:00,内弧宽面Tv,误报,0.056,0,0.7,-0.051,23.5,71.34,1018.323,438,0.701,2.214,,
694,南钢,2019/4/14,14:33:18,外弧宽面Tv,误报,0.79,0.664,0.7,0.177,17.39,50.43,489.506,296,0.693,1.504,,
695,南钢,2019/4/14,14:33:24,外弧宽面Tv,稳态,0.931,0.812,0.7,0.961,20.68,59.04,580.268,273,0.798,0.409,,
696,南钢,2019/4/14,14:33:59,内弧宽面Tv,稳态,0.254,-0.959,0.7,1.618,10.575,167.895,909.496,557,0.719,0.161,,
697,南钢,2019/4/14,14:34:24,外弧宽面Tv,误报,0.931,1.919,0.7,0.717,23.5,72.57,777.834,435,0.859,1.097,,
698,南钢,2019/4/14,14:34:28,内弧宽面Tv,稳态,0.169,-1.845,0.7,-47.088,5.405,31.98,130.795,118,0.523,0.363,,
699,南钢,2019/4/14,14:34:38,外弧宽面Tv,稳态,0.423,1.107,0.7,-1.748,23.5,19.065,230.373,243,0.563,0.158,,
700,南钢,2019/4/14,14:36:41,外弧宽面Tv,稳态,0.085,-0.369,0.1,-19.798,23.5,47.355,464.937,264,0.72,0.224,,
701,南钢,2019/4/14,14:37:18,外弧宽面Tv,稳态,0.451,0.738,0.4,-0.866,23.5,47.97,427.649,286,0.653,0.2,,
702,南钢,2019/4/14,14:37:24,内弧宽面Tv,误报,0.564,-0.59,0.4,0.66,17.39,27.675,277.633,180,0.614,0.273,,
703,南钢,2019/4/14,14:40:27,内弧宽面Tv,稳态,0.085,1.476,0.7,-9.087,8.46,79.335,477.222,272,0.605,0.221,,
704,南钢,2019/4/14,14:40:37,外弧宽面Tv,稳态,1.551,-2.14,0.7,-33.062,23.5,22.755,333.564,237,0.543,0.283,,
705,南钢,2019/4/14,14:41:13,内弧宽面Tv,误报,0.987,2.14,0.7,-7.47,23.5,80.565,946.783,367,0.763,0.298,,
706,南钢,2019/4/14,14:41:16,外弧宽面Tv,稳态,0.931,0.517,0.7,1.153,22.325,51.66,745.604,301,1.275,0.952,,
707,南钢,2019/4/14,14:41:24,外弧宽面Tv,稳态,0.085,-0.221,0.7,0.421,17.39,86.1,1030.608,378,1.047,0.454,,
708,南钢,2019/4/14,14:41:58,内弧宽面Tv,误报,0.508,0.886,0.7,1.406,18.8,113.16,1008.351,467,0.818,0.738,,
709,南钢,2019/5/1,16:38:22,内弧宽面Tv,误报,1.241,0.25,1,-0.095,23.5,38.177,562.116,243,0.53,0.145,,
710,南钢,2019/5/1,16:38:29,外弧宽面Tv,稳态,0.254,-0.083,1,1.9,5.875,20.824,95.1,86,0.419,1.258,,
711,南钢,2019/5/1,16:38:35,内弧宽面Tv,稳态,0.056,1.583,1,-0.066,1.88,19.436,26.263,55,0.335,0.238,,
712,南钢,2019/5/2,09:56:06,内弧宽面Tv,稳态,0.649,-1.086,0.4,1.568,23.5,53.607,515.362,299,0.54,0.835,,
713,南钢,2019/5/2,09:56:17,内弧宽面Tv,稳态,0.282,1.337,0.4,0.465,23.5,208.86,2066.684,844,0.96,0.42,,
714,南钢,2019/5/2,09:56:26,外弧宽面Tv,误报,0.282,-1.17,0.4,1.005,15.51,120.443,925.361,444,0.822,0.352,,
715,南钢,2019/5/4,19:56:27,外弧宽面Tv,稳态,0.028,-1.758,0,0.561,23.5,121.514,2205.678,433,1.749,1.035,,
716,南钢,2019/5/4,19:56:34,内弧宽面Tv,误报,0.028,-0.517,0,0.116,23.5,122.376,2306.737,440,1.508,0.858,,
717,南钢,2019/5/4,19:56:45,内弧宽面Tv,稳态,0.141,0.517,0,-0.22,23.5,74.977,1313.564,419,1.566,2.413,,
718,南钢,2019/5/5,00:15:39,外弧宽面Tv,稳态,0.367,-1.765,0.8,-3.179,14.805,60.569,391.832,219,0.363,1.539,,
719,南钢,2019/5/5,00:16:16,内弧宽面Tv,误报,0.62,-2.077,0.8,2.166,18.33,65.758,598.603,318,0.428,2.525,,
720,南钢,2019/5/6,06:17:28,内弧宽面Tv,稳态,0.028,-0.827,0.04,0.323,12.455,258.54,2749.452,669,1.72,0.063,,
721,南钢,2019/5/6,06:17:50,内弧宽面Tv,误报,0.338,2.999,0.2,-0.558,23.5,70.668,819.003,306,0.489,1.295,,
722,南钢,2019/5/6,06:17:58,外弧宽面Tv,稳态,1.946,0.931,0.2,-1.282,23.5,256.816,3047.161,773,0.688,0.332,,
723,南钢,2019/9/27,22:41:02,内弧宽面Tv,稳态,0.056,0.113,0,-1.666,19.27,20.746,308.253,170,0.442,0.118,,
724,南钢,2019/9/27,22:41:26,内弧宽面Tv,误报,0.113,-0.453,0.2,0.101,19.27,282.9,2950.006,777,0.868,0.368,,
725,南钢,2019/9/27,22:41:26,外弧宽面Tv,稳态,0.141,0.339,0.2,0.144,18.8,282.9,2990.338,714,0.944,0.177,,
726,南钢,2019/9/29,01:33:49,外弧宽面Tv,稳态,0.113,-1.358,0,-0.948,22.09,27.347,525.425,212,0.528,0.067,,
727,南钢,2019/9/29,01:34:06,外弧宽面Tv,稳态,0.028,0.226,0.19,0.346,11.045,265.926,1892.728,607,0.806,0.107,,
728,南钢,2019/9/29,01:34:06,内弧宽面Tv,误报,0.254,2.603,0.19,1.915,8.46,112.217,614.732,279,0.734,0.213,,
729,南钢,2019/9/29,01:34:16,内弧宽面Tv,稳态,0.028,-0.905,0.2,-1.969,14.57,72.611,563.098,239,0.57,1.05,,
730,南钢,2019/9/29,03:33:54,外弧宽面Tv,稳态,0.902,-2.15,0.75,0.588,19.505,39.607,322.668,197,0.389,0.186,,
731,南钢,2019/9/29,03:33:59,内弧宽面Tv,稳态,0.902,-2.942,0.75,0.449,18.095,20.747,293.194,165,0.422,0.134,,
732,南钢,2019/9/29,03:34:21,外弧宽面Tv,误报,0.056,-0.339,0.75,-0.078,2.115,12.259,16.843,30,0.333,4.685,,
733,南钢,2019/9/29,16:57:48,外弧宽面Tv,稳态,0.056,-0.905,0.75,0.06,7.05,22.633,111.693,85,0.361,1.155,,
734,南钢,2019/9/29,16:57:52,内弧宽面Tv,稳态,0.028,0.566,0.75,-408.217,1.88,16.975,24.377,38,0.34,0.412,,
735,南钢,2019/9/29,16:58:38,外弧宽面Tv,误报,0.761,1.924,0.75,-33.777,15.98,43.38,372.088,164,0.379,0.222,,
736,南钢,2019/9/30,02:27:26,内弧宽面Tv,稳态,0.056,0.226,0.7,-0.989,2.82,7.544,15.291,29,0.321,4.912,,
737,南钢,2019/9/30,02:27:35,外弧宽面Tv,稳态,1.438,-1.584,0.7,-16.958,23.5,33.006,527.66,233,0.545,0.255,,
738,南钢,2019/9/30,02:28:06,外弧宽面Tv,误报,0.226,-0.679,0.7,0.322,16.92,30.177,230.256,169,0.441,0.28,,
739,南钢,2019/9/30,10:01:47,内弧宽面Tv,稳态,0.959,2.829,0.75,-338.401,17.39,33.006,352.808,170,0.477,0.112,,
740,南钢,2019/9/30,10:02:06,内弧宽面Tv,稳态,0.536,-2.603,0.75,1.513,17.155,63.183,356.353,244,0.417,1.209,,
741,南钢,2019/9/30,10:02:14,外弧宽面Tv,误报,0.564,-1.132,0.75,1.205,14.57,33.949,280.34,157,0.397,0.45,,
742,南钢,2019/10/5,19:22:55,外弧宽面Tv,稳态,0.056,-2.32,0,0.802,5.405,65.908,244.921,158,0.53,0.23,,
743,南钢,2019/10/5,19:23:00,内弧宽面Tv,误报,0.028,-0.844,0.09,0.075,8.225,253.964,1485.841,613,0.712,0.104,,
744,南钢,2019/10/5,19:23:20,外弧宽面Tv,稳态,0.451,-1.793,0.2,1.042,23.5,149.39,1832.365,494,0.414,0.488,,
745,南钢,2019/10/8,19:57:59,外弧宽面Tv,稳态,1.043,0.453,0.75,1.241,23.5,32.063,319.122,233,0.399,0.094,,
746,南钢,2019/10/8,19:58:04,内弧宽面Tv,稳态,0.197,0.226,0.75,-802.643,4.7,16.032,53.63,56,0.366,1.746,,
747,南钢,2019/10/8,19:58:35,外弧宽面Tv,误报,0.113,1.811,0.75,0.361,12.455,42.437,272.362,152,0.415,1.413,,
748,南钢,2019/10/10,20:38:22,内弧宽面Tv,稳态,0.056,2.085,0.75,-977.022,2.82,16.505,35.724,47,0.372,0.719,,
749,南钢,2019/10/10,20:38:35,外弧宽面Tv,稳态,0.197,2.502,0.7,-290.834,6.11,15.636,68.386,69,0.442,0.77,,
750,南钢,2019/10/10,20:38:44,外弧宽面Tv,误报,0.056,0,0.65,0.685,1.645,10.424,12.86,26,0.356,4.267,,
751,南钢,2019/10/11,00:14:21,外弧宽面Tv,稳态,0.028,-2.189,0.75,-250.326,3.76,13.899,39.604,48,0.364,2.151,,
752,南钢,2019/10/11,00:14:40,内弧宽面Tv,稳态,0.677,-1.876,0.75,-48.605,16.45,15.636,204.341,157,0.405,0.128,,
753,南钢,2019/10/11,00:15:10,外弧宽面Tv,误报,0.987,2.085,0.75,1.724,17.155,35.614,277.003,173,0.473,0.226,,
754,南钢,2019/10/12,01:35:46,内弧宽面Tv,漏钢,0.169,0.104,0.85,0.184,23.265,50.383,711.416,256,0.68,0.498,,
755,南钢,2019/10/19,21:16:52,内弧宽面Tv,稳态,0.113,1.042,0.34,-18.951,20.68,27.798,477.902,194,0.565,0.128,,
756,南钢,2019/10/19,21:17:01,外弧宽面Tv,稳态,0.395,0.417,0.4,0.878,20.445,31.273,561.806,210,0.62,0.155,,
757,南钢,2019/10/19,21:17:25,外弧宽面Tv,误报,0.31,-1.147,0.4,-1.969,23.5,259.741,2743.294,1210,0.573,0.444,,
758,南钢,2019/10/23,19:40:10,内弧宽面Tv,漏钢,-0.141,-0.625,0.75,0.118,23.5,74.705,992.104,319,0.87,0.96,,
759,南钢,2019/10/28,22:50:25,内弧宽面Tv,漏钢,0.169,2.183,0.55,0.931,6.11,52.475,139.43,168,0.367,0.324,,
760,南钢,2019/10/30,16:04:54,内弧宽面Tv,漏钢,0.113,-0.42,1.05,0.531,11.28,41.28,275.735,167,0.692,1.317,,
761,南钢,2019/10/31,05:05:08,外弧宽面Tv,稳态,0.028,-0.336,0,-0.128,5.17,35.681,125.119,111,0.54,0.439,,
762,南钢,2019/10/31,05:05:14,内弧宽面Tv,稳态,0.028,-1.259,0,1.334,8.93,190.3,1097.627,565,0.779,0.112,,
763,南钢,2019/10/31,05:05:31,外弧宽面Tv,误报,0.564,1.763,0.2,-47.171,16.92,21.689,203.051,160,0.376,0.194,,
764,南钢,2019/10/31,12:36:48,内弧宽面Tv,稳态,0.141,0.344,0.7,0.444,18.565,62.566,684.837,365,0.46,0.946,,
765,南钢,2019/10/31,12:37:02,内弧宽面Tv,稳态,0.62,1.033,0.7,1.572,15.275,21.812,196.939,163,0.402,0.37,,
766,南钢,2019/10/31,12:37:40,内弧宽面Tv,误报,0.423,1.102,0.7,0.48,23.5,59.696,903.493,343,0.558,1.283,,
767,南钢,2019/11/4,18:15:27,外弧宽面Tv,漏钢,0.649,-0.756,0.95,0.665,19.27,32.185,275.571,201,0.472,0.256,,
768,南钢,2019/12/12,01:12:22,内弧宽面Tv,稳态,0.085,-1.655,0,-139.89,4.7,22.407,70.478,67,0.451,1.908,,
769,南钢,2019/12/12,01:12:27,内弧宽面Tv,稳态,0.367,-0.31,0,-2.864,11.28,258.54,2045.482,661,0.927,0.08,,
770,南钢,2019/12/12,01:12:47,内弧宽面Tv,误报,0.592,0.517,0.2,-0.956,19.035,53.432,650.301,213,0.398,0.402,,
771,南钢,2019/12/17,13:57:03,内弧宽面Tv,稳态,0.028,0.208,0.7,0.363,5.875,23.361,102.072,80,0.447,3.476,,
772,南钢,2019/12/17,13:57:13,内弧宽面Tv,漏钢,0.705,-1.038,0.7,0.838,20.915,41.531,397.713,214,0.462,0.244,,
773,南钢,2019/12/17,13:57:37,外弧宽面Tv,稳态,0.254,0.519,0.7,1.173,6.58,29.418,148.431,97,0.513,1.621,,
774,南钢,2019/12/22,19:03:56,内弧宽面Tv,稳态,0.113,0,0.2,0.392,13.395,260.59,2607.338,662,1.112,0.101,,
775,南钢,2019/12/22,19:04:03,外弧宽面Tv,稳态,0.028,-0.521,0.2,0.037,13.63,260.59,2675.517,678,1.556,0.098,,
776,南钢,2019/12/22,19:04:11,内弧宽面Tv,误报,0.113,0.834,0.2,-0.218,23.5,255.388,2643.57,1016,0.521,0.65,,
777,南钢,2019/12/24,07:07:31,外弧宽面Tv,稳态,0.226,-0.775,0.3,1.918,5.17,107.037,468.813,251,0.7,0.073,,
778,南钢,2019/12/24,07:07:34,内弧宽面Tv,稳态,0.056,-0.221,0.3,0.678,5.17,29.526,112.754,82,0.428,0.906,,
779,南钢,2019/12/24,07:07:49,外弧宽面Tv,误报,0.367,2.104,0.3,0.133,11.28,35.064,308.35,137,0.447,0.517,,
780,南钢,2020/2/3,10:39:02,右侧窄面Tv,稳态,0.113,0,0.85,0.277,3.29,8.45,19.705,40,0.342,2.928,,
781,南钢,2020/2/3,10:39:36,外弧宽面Tv,漏钢,0.649,-0.207,0.85,0.853,21.855,70.81,833.029,301,0.941,1.336,,
782,南钢,2020/2/6,08:16:14,内弧宽面Tv,漏钢,0.592,-1.564,0.6,1.198,21.62,79.917,844.718,330,0.612,4.152,,
783,南钢,2020/2/7,03:14:30,外弧宽面Tv,漏钢,0.733,2.809,0.6,1.052,23.5,97.372,1310.455,387,0.613,18.139,,
784,南钢,2020/2/16,06:04:54,右侧窄面Tv,稳态,0.085,-0.156,0.02,0.311,8.93,26,209.726,135,0.635,1.613,,
785,南钢,2020/2/16,06:05:03,外弧宽面Tv,稳态,0.085,0.624,0.2,-0.121,16.92,241.007,1897.739,716,0.654,0.222,,
786,南钢,2020/2/16,06:05:14,内弧宽面Tv,误报,0.338,-2.185,0.2,-0.91,21.855,41.613,510.342,225,0.399,0.289,,
787,南钢,2020/3/4,13:06:24,外弧宽面Tv,稳态,0.141,2.393,0,-0.923,23.5,182.049,3397.667,552,0.875,0.302,,
788,南钢,2020/3/4,13:06:27,内弧宽面Tv,误报,0.028,-0.208,0,-0.094,23.5,259.203,5119.318,855,0.835,0.191,,
789,南钢,2020/3/4,13:06:37,右侧窄面Tv,稳态,0.197,0.312,0,1.206,8.46,7.15,45.825,81,0.492,0.191,,
